warehouse ID,cleaned SKU,SUM of Quantity Received
1,12319,2820
1,12327,55500
1,12604,3420
1,12633,7200
1,12670,1500
1,12717,591
1,12793,2880
1,12795,10800
1,12823,864
1,12854,21600
1,13135,29160
1,13151,79
1,13152,381
1,13156,780
1,13330,2376
1,13743,30210
1,13744,28080
1,13745,5040
1,13786,23880
1,13813,2376
1,13860,8700
1,13953,1392
1,14017,33120
1,14167,16740
1,14771,240
1,15209,5760
1,15430,34684
1,15739,3000
1,15751,441
1,15984,1071
1,15985,4278
1,16037,65970
1,17414,866
1,17415,423
1,17417,392
1,17590,100
1,17591,50
1,17621,404
1,17703,1050
1,18083,266
1,18084,479
1,18087,5000
1,18105,52620
1,18106,34920
1,18292,5970
1,18556,3780
1,18581,5400
1,19311,9200
1,19434,8352
1,19435,8040
1,19500,26304
1,19501,32296
1,19502,10800
1,20518,3600
1,20519,27648
1,20523,8640
1,20622,180
1,20784,7180
1,20808,4500
1,20848,64440
1,20850,35712
1,20851,24540
1,20852,48748
1,20853,2880
1,20855,2160
1,21406,1200
1,21559,3240
1,21851,9600
1,21894,4581
1,22556,26640
1,22921,3840
1,22926,28080
1,22935,80
1,22944,6720
1,23260,12800
1,23548,8370
1,23552,4800
1,23637,7200
1,23638,46392
1,23639,47244
1,23640,2700
1,23642,5928
1,23865,180
1,23866,215
1,23867,230
1,23868,1135
1,23869,10
1,23870,180
1,23871,210
1,23872,320
1,23873,64
1,23874,31
1,23875,205
1,23876,10
1,24746,4500
1,24838,4800
1,24841,5400
1,24843,8700
1,24865,10500
1,24866,12000
1,25431,1920
1,25432,1920
1,25451,4248
1,25452,2400
1,25609,40320
1,25610,55440
1,26060,31410
1,26061,13500
1,26628,1200
1,27207,852
1,27658,10800
1,27717,376
1,27897,5760
1,28229,43320
1,28231,2640
1,29903,440
1,29907,492
1,29908,462
1,30169,3672
1,30191,6000
1,30482,14203
1,30484,52320
1,30485,34950
1,30594,15255
1,30820,50550
1,30940,1800
1,30941,3600
1,31091,34560
1,31093,3000
1,31465,190
1,31466,173
1,31467,200
1,31468,189
1,31469,180
1,31473,315
1,31474,524
1,31475,854
1,31476,188
1,31477,175
1,31659,920
1,32018,800
1,32348,14040
1,32555,37926
1,33020,867
1,33021,233
1,33022,900
1,33023,753
1,33339,8280
1,33525,4320
1,33526,4320
1,33527,18720
1,33528,1440
1,33634,1680
1,33635,432
1,33768,11400
1,33769,9600
1,33770,17760
1,33771,7200
1,33772,9840
1,34006,15984
1,34143,1560
1,34163,50
1,34351,10440
1,34396,8400
1,34397,7200
1,34399,2640
1,34411,216
1,34413,696
1,34434,17280
1,34697,5940
1,34824,588
1,34825,600
1,34826,477
1,34827,548
1,35079,12288
1,35224,2250
1,35316,1200
1,35326,7720
1,35371,23400
1,35687,2250
1,36036,7550
1,36038,1
1,36039,1
1,36040,2
1,36041,1
1,36042,1
1,36043,1
1,36044,1
1,36045,1
1,36046,1
1,36047,1
1,36087,6480
1,36088,14960
1,36148,120
1,36305,2160
1,36352,1024
1,36424,720
1,36425,7140
1,36488,7224
1,36509,9200
1,36628,7104
1,36630,21840
1,36631,4500
1,36632,17280
1,36635,6300
1,36636,8100
1,36637,5895
1,36638,7425
1,36639,7335
1,36640,4230
1,36641,5424
1,36642,2800
1,36757,5400
1,36766,9120
1,36895,2000
1,36896,1000
1,36977,3600
1,37044,2840
1,37045,5250
1,37148,57
1,37149,10
1,37151,35
1,37152,51
1,37273,9200
1,37311,1290
1,37490,8640
1,37491,8784
1,37780,21
1,37811,1412
1,37832,36300
1,37935,300
1,37992,1375
1,37993,1395
1,37994,2144
1,37995,1261
1,38049,40500
1,38244,21060
1,38745,513
1,38746,1053
1,38747,1257
1,38748,1081
1,38749,1238
1,38750,716
1,38751,839
1,39001,6192
1,39002,9240
1,39155,149
1,39156,70
1,39157,90
1,39159,41
1,39160,120
1,39306,350
1,39307,350
1,39308,350
1,39751,6120
1,39812,160
1,39813,228
1,39814,48
1,39815,79
1,39816,121
1,39817,155
1,39818,112
1,39819,184
1,39820,88
1,39821,120
1,39822,46
1,39823,119
1,39824,142
1,39825,60
1,39826,113
1,39827,48
1,39828,88
1,39829,48
1,39892,18192
1,39893,5508
1,40249,61
1,40504,9336
1,40660,3150
1,40661,2745
1,40663,1680
1,40664,5148
1,40667,2520
1,40668,2520
1,40669,1000
1,40670,1000
1,40715,8000
1,41267,1680
1,41268,200
1,41567,3840
1,41612,13
1,41613,13
1,41615,13
1,41617,13
1,41618,13
1,41619,13
1,41620,13
1,41621,13
1,41622,13
1,41623,13
1,41817,9120
1,41953,112
1,41954,136
1,41955,190
1,41956,90
1,41959,22
1,41960,184
1,41961,90
1,41962,910
1,41964,720
1,41965,864
1,41966,855
1,41967,2385
1,41968,2430
1,41997,1200
1,41998,1200
1,42289,5
1,42290,7
1,42291,3
1,42292,20
1,42294,2
1,42295,3
1,42296,5
1,42301,3
1,42302,4
1,42306,13
1,42307,10
1,42308,10
1,42309,2
1,42310,10
1,42311,2
1,42312,10
1,42313,10
1,42314,21
1,42315,4
1,42316,14
1,42317,2
1,42318,5
1,42319,5
1,42320,2
1,42321,7
1,42322,8
1,42324,5
1,42325,4
1,42326,5
1,42327,5
1,42328,4
1,42329,4
1,42331,2
1,42333,2
1,42335,4
1,42336,2
1,42337,3
1,42338,3
1,42339,3
1,42340,3
1,42341,2
1,42342,4
1,42343,2
1,42344,4
1,42346,8
1,42347,5
1,42348,3
1,42349,2
1,42350,2
1,42351,2
1,42352,5
1,42353,2
1,42356,3
1,42357,3
1,42358,2
1,42359,2
1,42360,5
1,42361,3
1,42362,4
1,42363,3
1,42364,3
1,42365,4
1,42366,2
1,42367,6
1,42368,3
1,42369,4
1,42370,2
1,42371,4
1,42372,3
1,42373,4
1,42374,3
1,42375,3
1,42376,10
1,42377,4
1,42378,19
1,42381,5
1,42383,8
1,42384,7
1,42723,1250
1,42724,3840
1,42778,1500
1,42779,3960
1,42781,1440
1,42782,960
1,42783,6000
1,43238,240
1,43584,1800
1,43632,5520
1,43634,2640
1,43638,2400
1,43639,2700
1,43640,8880
1,43641,3630
1,43704,384
1,43729,80
1,43990,1440
1,44027,4800
1,44068,6280
1,44077,2880
1,44165,2
1,44569,200
1,45284,4320
1,45459,3936
1,45461,3000
1,45470,972
1,45471,600
1,45608,144
1,45609,144
1,45610,144
1,45611,144
1,45612,144
1,45620,600
1,45621,720
1,45857,25
1,45858,25
1,45859,25
1,45860,25
1,45861,25
1,45862,25
1,45863,25
1,45864,25
1,45865,25
1,45866,25
1,45867,25
1,54321,1000
2,372,300
2,487,624
2,496,351
2,2151,26400
2,2798,800
2,3079,25440
2,4961,32880
2,12151,4080
2,15228,240
2,17315,3000
2,18570,9000
2,18571,2040
2,18580,1980
2,18977,5400
2,19098,23856
2,19506,15497
2,19507,13920
2,19544,14592
2,21347,10500
2,21356,3780
2,21358,26700
2,21359,48
2,23261,18880
2,23669,20160
2,23964,1920
2,23965,16920
2,24777,14688
2,24778,4680
2,24779,37980
2,24844,5550
2,24867,10000
2,25423,292
2,25429,3840
2,25430,8960
2,25444,1200
2,26011,11520
2,26012,6720
2,26759,1800
2,27208,740
2,27701,31410
2,27702,32550
2,27718,768
2,27733,14048
2,27734,34160
2,27735,21672
2,27801,1872
2,27802,6444
2,29637,1200
2,29639,11160
2,29640,720
2,30190,5200
2,30517,10560
2,30518,14040
2,31215,2160
2,31316,960
2,31449,167
2,31455,33
2,31456,97
2,31462,184
2,31676,2000
2,31893,6804
2,31923,42
2,32140,21900
2,32141,4320
2,32190,26010
2,32347,13960
2,32551,960
2,32552,2880
2,32998,324
2,32999,608
2,33000,392
2,33001,344
2,33002,473
2,33004,582
2,33640,2016
2,33684,240
2,33685,1920
2,33691,5
2,33692,5
2,33694,5
2,33697,4
2,33699,4
2,33700,6
2,33701,11
2,33705,2
2,33973,70
2,33974,19
2,33975,42
2,33976,75
2,33977,46
2,34137,100
2,34138,230
2,34139,190
2,34164,5
2,34165,6
2,34166,10
2,34168,11
2,34169,6
2,34170,12
2,34171,6
2,34172,1
2,34173,21
2,34174,3
2,34175,3
2,34176,6
2,34177,2
2,34203,6
2,34392,3936
2,34393,2736
2,34402,5520
2,34423,3300
2,34424,240
2,34425,240
2,34426,240
2,34427,16128
2,34605,21120
2,34698,7920
2,34829,245
2,34831,257
2,34835,224
2,34836,235
2,34837,320
2,34887,4032
2,35232,2
2,35259,3
2,35332,7720
2,35399,6000
2,35400,1000
2,36098,11520
2,36099,15500
2,36184,9840
2,36187,480
2,36304,1000
2,36373,1308
2,36397,15840
2,36411,2880
2,36412,1440
2,36413,1400
2,36414,480
2,36493,7992
2,36506,11900
2,36759,600
2,36780,9000
2,36781,9000
2,37050,1440
2,37051,2310
2,37141,9120
2,37272,16200
2,37312,1489
2,37773,700
2,37775,1350
2,37835,36300
2,37930,200
2,38203,150
2,38204,100
2,38205,15
2,38530,8520
2,38531,5160
2,38994,3936
2,38995,11000
2,39127,240
2,39128,240
2,39161,1440
2,39171,7
2,39172,6
2,39173,7
2,39174,8
2,39175,8
2,39176,8
2,39177,8
2,39178,10
2,39179,6
2,39180,5
2,39181,5
2,39182,5
2,39183,16
2,39184,14
2,39185,13
2,39186,9
2,39187,3
2,39188,3
2,39189,10
2,39309,200
2,39310,200
2,39311,150
2,39320,27
2,39323,98
2,39324,57
2,39326,28
2,39327,6
2,39331,4
2,39333,1
2,39334,1
2,39335,10
2,39336,6
2,39337,8
2,39338,367
2,39424,2880
2,39586,432
2,39746,9504
2,40057,11818
2,40250,61
2,40269,6750
2,40350,1400
2,40363,19440
2,40398,6480
2,40400,2100
2,40474,30
2,40475,30
2,40476,30
2,40477,30
2,40479,15
2,40480,70
2,40481,24
2,40482,24
2,40483,74
2,40484,73
2,40485,74
2,40491,23
2,40492,56
2,40493,67
2,40495,30
2,40496,45
2,40497,24
2,40498,24
2,40499,75
2,40500,24
2,40501,24
2,40502,64
2,40503,6288
2,40508,16350
2,40523,160
2,40524,40
2,40525,20
2,40526,40
2,40527,40
2,40528,20
2,40529,40
2,40531,45
2,40532,45
2,40533,80
2,40539,1800
2,40586,30
2,40587,30
2,40588,30
2,40589,30
2,40653,5520
2,40654,96
2,40712,2671
2,40713,5670
2,40827,4500
2,40903,1250
2,41179,5000
2,41190,18000
2,41253,2400
2,41257,1920
2,41334,4080
2,41571,8832
2,41572,5736
2,41573,5760
2,41601,52
2,41602,52
2,41603,52
2,41604,52
2,41605,52
2,41606,52
2,41607,52
2,41608,52
2,41609,52
2,41610,52
2,42009,290
2,42102,2380
2,42106,1400
2,42107,8000
2,42108,4080
2,42272,5
2,42273,10
2,42274,2
2,42275,2
2,42276,2
2,42277,2
2,42279,2
2,42299,3
2,42303,6
2,42304,4
2,42345,3
2,42394,3
2,42395,4
2,42396,9
2,42397,3
2,42398,14
2,42399,6
2,42400,3
2,42401,5
2,42402,19
2,42403,36
2,42405,10
2,42407,39
2,42408,19
2,42410,22
2,42411,2
2,42412,17
2,42413,10
2,42414,13
2,42415,5
2,42416,5
2,42418,14
2,42419,20
2,42421,4
2,42422,4
2,42424,8
2,42425,25
2,42428,2
2,42429,4
2,42430,2
2,42431,3
2,42432,3
2,42433,3
2,42434,4
2,42435,2
2,42436,2
2,42437,2
2,42438,2
2,42439,3
2,42440,2
2,42441,6
2,42465,3
2,42466,6
2,42467,2
2,42470,9
2,42472,3
2,42474,7
2,42477,4
2,42484,5
2,42497,5
2,42500,2
2,42502,8
2,42506,2
2,42507,4
2,42508,15
2,42510,11
2,42555,9
2,42557,8
2,42559,12
2,42563,7
2,42564,4
2,42565,9
2,42566,7
2,42567,3
2,42575,3
2,42576,4
2,42577,3
2,42578,2
2,42579,5
2,42580,3
2,42581,5
2,42582,3
2,42583,2
2,42584,26
2,42585,9
2,42586,5
2,42587,10
2,42589,9
2,42591,10
2,42592,6
2,42593,3
2,42595,3
2,42596,4
2,42597,6
2,42721,5952
2,42722,3840
2,42731,400
2,42732,4000
2,42733,400
2,42734,400
2,42758,2500
2,42759,4000
2,42760,2520
2,42761,2448
2,42762,2496
2,42861,5
2,42942,50
2,42943,22
2,42944,10
2,42945,50
2,42947,40
2,42958,480
2,43382,7560
2,43383,8040
2,43384,6120
2,43385,6720
2,43616,352
2,43661,1440
2,43664,720
2,43672,900
2,43674,900
2,43675,2880
2,43676,1800
2,44067,1460
2,44071,2000
2,44114,3000
2,44551,2400
2,44581,100
2,44791,1500
2,44792,1500
2,44793,1500
2,44794,1500
2,45159,5280
2,45222,1440
2,45405,5160
2,45472,972
2,45473,240
2,45614,25
2,45625,25
2,45626,25
2,45629,25
2,45654,25
2,45655,25
2,45656,25
2,45657,25
2,45658,25
2,45659,25
2,45660,25
2,45711,2880
3,5157,840
3,5174,331
3,5346,600
3,5420,316
3,5499,7560
3,5516,273
3,5518,269
3,5520,274
3,5592,12450
3,5612,14880
3,5647,16776
3,5673,3360
3,5812,1008
3,5850,600
3,5898,2700
3,5899,2700
3,5937,8820
3,15487,120
3,15985,1602
3,17174,3600
3,17183,9216
3,17972,25700
3,18084,35
3,18369,1950
3,19635,4440
3,19757,12300
3,19758,3000
3,19759,9000
3,20657,5280
3,21721,122
3,21808,1600
3,22934,4680
3,23267,6800
3,23956,5112
3,24173,720
3,24204,5184
3,24827,5280
3,24828,5904
3,24855,1350
3,24856,900
3,24879,1900
3,24880,1200
3,25128,3000
3,25433,1600
3,26044,27036
3,26045,576
3,26669,4080
3,26834,4680
3,26835,3276
3,26841,2464
3,26957,304
3,27715,9450
3,27716,10500
3,29712,2268
3,29713,1056
3,29715,1950
3,29718,4200
3,29748,19440
3,30088,6336
3,30189,8320
3,30194,6480
3,30195,1500
3,30221,6468
3,30881,1565
3,30943,1200
3,31320,1440
3,32142,1944
3,32505,29145
3,32506,28095
3,33628,840
3,33629,252
3,33849,7182
3,33932,1456
3,33933,2688
3,33934,1288
3,34313,1680
3,34450,5208
3,34451,2568
3,34699,2420
3,34992,6000
3,35285,1632
3,35395,2300
3,35396,1620
3,35901,4536
3,36096,7200
3,36365,600
3,36403,840
3,36404,2800
3,36405,960
3,36406,720
3,36497,2952
3,36504,4500
3,37048,1420
3,37049,450
3,37140,1200
3,37276,4500
3,37537,720
3,37777,182
3,37778,433
3,37779,545
3,37780,521
3,37781,60
3,37782,552
3,37837,19440
3,37994,20
3,38079,2112
3,38745,20
3,38749,30
3,38751,20
3,38992,5250
3,39084,552
3,39741,1440
3,40381,3072
3,40382,3072
3,40383,2688
3,40385,2688
3,40386,2880
3,40389,4392
3,40642,2970
3,40643,1440
3,40644,1440
3,40645,7900
3,41242,960
3,41244,288
3,41659,960
3,41660,1536
3,41661,960
3,41662,1536
3,41663,1536
3,41664,960
3,41845,1000
3,42219,1440
3,42229,1800
3,42751,2600
3,42753,1440
3,43593,384
3,43618,720
3,43621,480
3,43626,300
3,43627,300
3,43629,810
3,43630,1920
3,43992,792
3,44024,1008
3,44026,960
3,44036,1530
3,44037,495
3,44038,450
3,44048,828
3,44070,1500
3,44566,1440
3,45705,240
3,45706,1800
3,45707,1080
3,45708,1125
3,45712,2320
3,45725,144
3,45726,120
3,45794,288
4,3915,5712
4,3950,27228
4,3965,21900
4,3966,22860
4,4218,21630
4,4309,31320
4,4315,35184
4,4457,240
4,4458,31920
4,4470,5088
4,4500,2400
4,4522,4200
4,4561,4590
4,4596,8680
4,4621,7680
4,4625,35420
4,4627,45360
4,4629,27840
4,7365,21816
4,14532,23436
4,14623,1890
4,15629,3630
4,16587,4500
4,17553,6480
4,19322,34752
4,19323,36480
4,20466,12320
4,21805,6400
4,22060,960
4,22080,39264
4,22928,9360
4,23316,4320
4,23393,20100
4,23512,240
4,23809,2240
4,24208,18432
4,24389,240
4,24392,1920
4,24710,1920
4,24825,9120
4,24826,7440
4,24845,5035
4,24846,3570
4,24869,3800
4,24881,3400
4,25114,5760
4,25115,30240
4,25424,12800
4,25447,1080
4,27210,2148
4,27212,1440
4,27707,31920
4,27708,32700
4,27719,2496
4,27756,4480
4,27758,4200
4,27893,21
4,28212,10380
4,28240,4200
4,28270,8625
4,28275,1536
4,29710,2400
4,30180,240
4,30188,38800
4,31326,2880
4,31649,5100
4,31843,27216
4,32261,3240
4,32262,20400
4,32350,29860
4,32891,7560
4,33012,878
4,33014,187
4,33016,148
4,33017,256
4,33018,240
4,33207,9045
4,33637,960
4,34035,15240
4,34394,10908
4,34400,2640
4,34415,720
4,34416,1944
4,34417,2080
4,34433,9488
4,34509,32880
4,34694,10400
4,34933,240
4,35053,1890
4,35059,2100
4,35327,11320
4,35403,5500
4,35404,9000
4,35674,3600
4,36091,10560
4,36092,12000
4,36344,728
4,36356,4250
4,36419,1560
4,36420,4828
4,36421,3456
4,36422,4684
4,36490,7632
4,36508,18860
4,36653,11500
4,36654,6144
4,36819,2448
4,36824,750
4,37035,6178
4,37036,6980
4,37275,10600
4,37583,16884
4,37833,21000
4,38139,5232
4,38617,150
4,38913,720
4,38999,7776
4,39000,2000
4,39756,4500
4,39758,3000
4,40338,360
4,40442,1344
4,40659,6264
4,40707,7500
4,40716,480
4,40717,480
4,40718,480
4,41074,1500
4,41272,960
4,41276,1400
4,41424,6150
4,41426,1200
4,41825,8928
4,42772,1700
4,42774,2160
4,42775,2112
4,42776,5750
4,43219,9344
4,43617,288
4,43679,4500
4,43930,2400
4,43932,1200
4,43934,900
4,43940,1440
4,43943,2640
4,43946,3150
4,43970,5040
4,44015,800
4,44022,2880
4,44051,1188
4,44074,2400
4,44387,3915
4,44468,1200
4,44469,960
4,44543,1350
4,44561,2010
4,44683,60
4,44684,60
4,44685,60
4,44686,60
4,44687,60
4,44688,60
4,44690,60
4,44691,60
4,44692,60
4,44693,216
4,44694,216
4,45146,1150
4,45464,1050
5,0,300
5,3966,7200
5,4131,2520
5,4315,312
5,4470,600
5,4628,17280
5,7240,4236
5,7276,384
5,7297,480
5,7365,17640
5,7390,3360
5,7582,7000
5,7656,61500
5,8309,16176
5,14876,2700
5,18578,5616
5,19313,21180
5,19963,45936
5,22081,6048
5,22226,3456
5,22227,7104
5,22229,27840
5,23263,6260
5,23995,5184
5,24739,32620
5,24740,32500
5,24789,1920
5,24847,2460
5,24848,1860
5,24870,3600
5,24871,4300
5,25455,600
5,26000,30720
5,26195,1020
5,27709,42750
5,27710,45590
5,27712,23775
5,27720,360
5,27767,34360
5,27768,2800
5,27813,3240
5,27847,13800
5,27853,6624
5,28084,26352
5,28086,6480
5,28097,6575
5,28281,17808
5,28284,38964
5,28297,9480
5,28308,9520
5,28312,25168
5,28333,4800
5,28412,2880
5,28414,8460
5,28837,3432
5,28857,8400
5,28870,35760
5,29002,10848
5,29061,25200
5,29223,90
5,29228,23072
5,29298,4440
5,29534,4350
5,29706,9360
5,29708,8640
5,30181,3576
5,30187,19400
5,31325,4176
5,31639,1150
5,32185,9390
5,32186,18880
5,32187,36208
5,32188,9090
5,32258,4800
5,32260,1920
5,32349,7700
5,32485,2025
5,32695,2700
5,32982,4800
5,33632,240
5,33633,504
5,33747,7380
5,34323,30552
5,34332,2688
5,34398,3720
5,34407,1900
5,34408,5208
5,34409,300
5,34435,1440
5,34510,13680
5,35015,103
5,35016,3
5,35017,6
5,35020,124
5,35021,49
5,35022,98
5,35134,11250
5,35324,8216
5,35325,4800
5,35406,3000
5,35407,2700
5,36089,4400
5,36090,13680
5,36347,678
5,36378,500
5,36428,600
5,36430,1152
5,36483,4752
5,36484,6768
5,36510,7290
5,36653,10764
5,36654,15264
5,37038,6120
5,37039,6528
5,37274,13000
5,37416,11520
5,37587,2304
5,37826,27336
5,37830,17400
5,39004,13500
5,39005,4700
5,39006,7200
5,39087,1220
5,39749,6900
5,40370,31680
5,40443,21696
5,40444,5040
5,40939,840
5,41259,2400
5,41264,1350
5,42747,11380
5,42749,6912
5,42750,5952
5,43045,288
5,43947,1440
5,43950,900
5,43951,900
5,43954,1200
5,43956,2400
5,43958,2970
5,44039,9300
5,44045,2772
5,44285,300
5,44498,240
5,45457,288
5,45458,720
6,1636,37920
6,1645,14112
6,1703,80700
6,1707,39900
6,1709,10032
6,1710,8700
6,1839,21912
6,1841,3938
6,1843,46320
6,1846,5880
6,1848,900
6,1890,77760
6,2013,79080
6,2053,49355
6,2097,66192
6,2189,1080
6,2216,21504
6,2235,34800
6,2236,5040
6,2258,6480
6,2449,1800
6,2450,2775
6,2459,7800
6,4974,19368
6,6246,15360
6,6265,27840
6,6278,1536
6,6281,14640
6,6303,3600
6,6304,4500
6,6309,23472
6,6319,12600
6,6321,10080
6,6322,28560
6,6359,1120
6,6361,1120
6,6365,1120
6,6379,1435
6,6389,10944
6,6423,18480
6,6433,10560
6,6452,3000
6,6459,5400
6,6462,17772
6,6475,7800
6,6507,5760
6,6512,84780
6,6519,10506
6,6543,1920
6,6555,936
6,6573,9600
6,6583,4200
6,6613,2880
6,6620,10800
6,6680,2520
6,6686,4890
6,6687,4875
6,6688,1680
6,6696,420
6,6890,1680
6,6985,18000
6,6999,9800
6,7146,46512
6,7150,3600
6,7165,8436
6,10836,204
6,12171,1800
6,14333,480
6,14506,23940
6,14507,8400
6,14534,15900
6,14821,21830
6,14822,23670
6,14823,48085
6,14910,260
6,14912,558
6,14914,819
6,14919,2471
6,14920,2740
6,14922,4524
6,14924,882
6,14925,1802
6,14926,794
6,14959,2418
6,14961,3945
6,14962,1850
6,14963,10151
6,14964,17536
6,14966,7200
6,14967,1339
6,14968,2830
6,14970,1883
6,14989,2531
6,14990,3654
6,14991,2075
6,15004,440
6,15006,556
6,15007,1033
6,15021,3289
6,15023,5082
6,15024,6602
6,15168,1120
6,15393,4137
6,15394,2790
6,15395,5472
6,15619,360
6,15620,4060
6,15658,11616
6,17109,776
6,17110,1365
6,17112,916
6,17976,62400
6,18611,150
6,19472,18900
6,19569,18360
6,19644,27360
6,20055,548
6,20059,676
6,20061,1287
6,21465,12000
6,21466,12000
6,21468,10720
6,22242,13056
6,22244,1920
6,22245,4032
6,23097,3187
6,23098,2254
6,23099,4252
6,23133,2513
6,23134,2161
6,23135,3704
6,23137,2040
6,23138,1375
6,23139,3062
6,24053,1580
6,24054,840
6,24819,11808
6,24820,15840
6,24839,1500
6,24840,1500
6,24960,4224
6,25602,3600
6,27978,450
6,30442,1277
6,30443,1228
6,30444,2415
6,30445,2223
6,30446,3177
6,30447,4295
6,32052,13968
6,32053,2304
6,32054,8784
6,32116,3640
6,32117,17640
6,32629,2520
6,33204,13340
6,33205,2470
6,33851,14400
6,33852,27100
6,33853,23400
6,33854,18930
6,33855,3000
6,34346,1920
6,34347,6720
6,34752,17700
6,34753,22650
6,34754,21100
6,34755,13050
6,34757,14500
6,34758,36870
6,34759,14700
6,35328,2016
6,35329,4104
6,35330,1080
6,35375,5520
6,35919,2041
6,35920,2106
6,35921,3359
6,36437,62640
6,36563,22152
6,36571,12000
6,38162,1970
6,38621,22368
6,38622,9468
6,38623,7968
6,38998,17400
6,39891,8400
6,40223,14400
6,40224,14400
6,40604,2520
6,40605,180
6,40606,1275
6,40607,640
6,40608,1200
6,40609,960
6,40610,1260
6,40611,5880
6,40777,132
6,40778,344
6,40779,126
6,40780,474
6,40781,288
6,40782,856
6,41083,4800
6,41084,1188
6,41085,6450
6,41392,360
6,41393,270
6,41395,2040
6,41396,2040
6,42172,4700
6,42173,7805
6,42738,4320
6,42768,2880
6,42769,10944
6,42770,2880
6,42771,7200
6,42787,5700
6,42788,3300
6,43280,112
6,43281,84
6,43282,242
6,43283,760
6,43284,685
6,43285,465
6,43286,386
6,43287,1108
6,43288,662
6,43977,2160
6,43980,960
6,43987,960
6,43988,1530
6,44244,1600
6,44514,9312
6,44516,8760
6,45129,300
6,45130,570
6,45148,1200
6,45166,1512
6,45167,6000
6,45168,1200
6,45170,1200
6,45171,1200
6,45172,1200
6,45221,7920
8,10890,61440
8,10945,15840
8,10953,390
8,10975,4632
8,10977,56736
8,10990,6600
8,10995,2760
8,11018,55500
8,11021,45144
8,11025,2280
8,11055,7968
8,11067,50520
8,11068,69660
8,11104,14640
8,11145,5960
8,11162,4560
8,11164,576
8,11168,4080
8,11178,1980
8,11189,58212
8,11235,68400
8,11253,48192
8,11382,17280
8,11420,36630
8,11464,4608
8,11820,8960
8,11955,8640
8,11979,1920
8,11980,1440
8,11996,3600
8,12001,61824
8,12084,2400
8,12118,4080
8,12119,840
8,12170,1200
8,14635,480
8,14803,480
8,15100,1980
8,15209,9792
8,15569,3600
8,15675,213192
8,15984,2131
8,16347,54900
8,16549,1200
8,18581,7380
8,19505,38976
8,19956,43848
8,20863,12400
8,21799,2400
8,21800,6840
8,21813,5760
8,22234,12480
8,23030,1080
8,23159,2400
8,23265,24080
8,24028,480
8,24118,5950
8,24213,23040
8,24214,78048
8,24833,17280
8,24834,19680
8,24851,3600
8,24852,5400
8,24877,19000
8,24878,19000
8,25426,4800
8,25480,257
8,25481,1062
8,25482,187
8,25483,230
8,25484,198
8,25485,197
8,25517,36000
8,25518,21600
8,25721,3000
8,26851,2400
8,26939,38208
8,27207,216
8,27209,4128
8,27693,3000
8,27696,47700
8,27723,960
8,27771,27072
8,28053,2640
8,29576,2640
8,30186,8000
8,30221,8100
8,30429,2040
8,31263,768
8,31298,480
8,31323,4320
8,31680,4800
8,32143,24192
8,32181,3600
8,32738,900
8,33309,600
8,33375,2496
8,33455,300
8,33626,700
8,33627,1400
8,33861,480
8,33863,7992
8,33864,6930
8,34405,5040
8,34431,33120
8,34452,7224
8,34453,6264
8,34701,5590
8,35334,15480
8,35393,10500
8,35394,1800
8,35693,10800
8,36095,17040
8,36303,2400
8,36360,1900
8,36386,1350
8,36394,10800
8,36399,3500
8,36400,6000
8,36401,5328
8,36498,11520
8,36499,9360
8,36503,24020
8,36652,4992
8,37046,6450
8,37047,11340
8,37270,19350
8,37273,3000
8,37285,76560
8,37493,74160
8,37697,5760
8,37838,6120
8,38390,480
8,38391,480
8,38989,15438
8,38990,13600
8,39739,1440
8,39740,1440
8,39832,11808
8,40052,1800
8,40058,1008
8,40059,1020
8,40060,1020
8,40509,3960
8,40972,11520
8,40974,8832
8,41236,1560
8,41238,800
8,42157,9504
8,42741,8550
8,42742,6000
8,42743,3552
8,42744,3100
8,43534,2300
8,43677,960
8,43702,540
8,43727,4560
8,43730,2880
8,43735,2400
8,43736,1500
8,43737,7680
8,43738,3150
8,43995,600
8,44047,1620
8,44069,2816
8,44115,2952
8,44116,8400
8,44384,450
8,44385,450
8,44386,450
8,44604,446
8,44924,500
8,44929,936
8,44934,2010
8,44957,2000
8,45047,1080
8,45048,960
8,45054,780
8,45155,800
8,45156,500
8,45373,720
8,45468,800
8,45469,498
8,45536,1728
8,45561,1020
8,45583,1000
8,45584,1000
8,45585,1000
8,45586,1000
8,45661,1152
8,45662,1152
8,45664,540
8,45669,1620
8,45672,1056
8,45674,1000
8,45677,420
8,45695,1200
8,45696,960
8,45756,360
9,8479,1008
9,8489,240
9,8490,216
9,8533,900
9,8537,816
9,8560,2100
9,8565,4500
9,8587,180
9,8595,1200
9,8597,476
9,8603,2700
9,8610,400
9,8613,1008
9,8614,816
9,8617,6216
9,8619,6216
9,8626,2160
9,8627,9312
9,8629,9810
9,8630,2160
9,8634,840
9,8637,2184
9,8639,7168
9,8641,1650
9,8642,2409
9,8646,1404
9,8650,600
9,8654,600
9,8656,672
9,8657,1200
9,8660,684
9,8661,240
9,8662,1116
9,8663,720
9,8664,1080
9,8665,408
9,8671,1152
9,8680,5320
9,8686,264
9,8687,540
9,8709,450
9,8937,150
9,8952,640
9,8955,840
9,9812,840
9,12174,900
9,14255,600
9,14298,236
9,14495,324
9,14496,1200
9,14800,540
9,14805,1560
9,15098,1440
9,15149,480
9,15246,560
9,15503,2400
9,15876,2760
9,16344,3360
9,16981,720
9,18001,640
9,19141,3630
9,19805,2400
9,19806,1236
9,20111,210
9,20112,3120
9,21372,540
9,22275,144
9,22365,432
9,23274,1000
9,23275,960
9,23724,4140
9,24286,288
9,25307,144
9,25508,480
9,25984,1200
9,25985,2460
9,26411,300
9,26873,60
9,26932,90
9,26933,90
9,27384,120
9,27551,1620
9,27632,864
9,27636,570
9,28120,300
9,29952,704
9,30614,240
9,30615,240
9,30616,240
9,30617,320
9,30618,320
9,30712,120
9,31547,240
9,31549,2010
9,31550,210
9,31551,1110
9,31553,6160
9,31555,3648
9,31704,1152
9,31705,576
9,31747,320
9,31829,264
9,31831,816
9,31836,576
9,32151,1104
9,32152,288
9,32154,864
9,32191,120
9,32192,1350
9,32193,1500
9,32230,1020
9,32563,120
9,32735,960
9,32810,150
9,32834,600
9,32843,400
9,32845,378
9,32846,300
9,32849,80
9,32866,360
9,32867,1200
9,32870,1800
9,32871,1080
9,32873,720
9,32875,900
9,32876,2688
9,32877,792
9,32878,2150
9,32879,2100
9,32880,900
9,32913,1000
9,32914,1000
9,32917,1000
9,32946,3060
9,32947,1320
9,32948,960
9,33077,1050
9,33079,300
9,33083,240
9,33084,240
9,33086,240
9,33087,120
9,33249,2112
9,33338,600
9,33489,480
9,33621,100
9,33624,1800
9,33625,1800
9,33677,1400
9,33734,900
9,33741,1120
9,33763,576
9,33764,1060
9,33775,1920
9,33791,960
9,33792,1200
9,33899,2280
9,33900,360
9,33902,600
9,33966,540
9,33989,7864
9,33990,960
9,33991,2500
9,33992,648
9,33993,788
9,33994,1500
9,33995,7152
9,33996,750
9,33997,4440
9,33998,4800
9,34024,900
9,34032,1428
9,34033,180
9,34083,6240
9,34106,3240
9,34582,360
9,34594,2828
9,34595,384
9,34691,90
9,34692,300
9,34693,120
9,34900,1800
9,34949,3900
9,35496,900
9,35497,2340
9,35498,660
9,35500,360
9,35501,1080
9,36112,750
9,36162,300
9,36202,80
9,36618,528
9,36761,576
9,36762,3144
9,36990,500
9,36992,500
9,37098,1500
9,37267,320
9,37572,720
9,37658,504
9,37737,768
9,37738,768
9,37771,700
9,37975,1000
9,37986,1200
9,38046,368
9,38048,300
9,38325,270
9,38614,450
9,39193,112
9,39194,960
9,39340,112
9,39341,1920
9,40316,2640
9,40317,5280
9,40318,3144
9,40319,3000
9,40378,1080
9,40422,690
9,40423,240
9,40425,128
9,40428,256
9,40435,1632
9,40436,2800
9,41034,630
9,41035,810
9,41036,240
9,41037,504
9,41038,2520
9,41039,2000
9,41040,300
9,41041,2784
9,41042,600
9,41043,360
9,41044,360
9,41773,400
9,41774,960
9,41775,600
9,41779,2230
9,41780,660
9,41782,560
9,41785,1152
9,41786,576
9,42621,450
9,42622,320
9,42623,600
9,42624,300
9,42625,990
9,42650,200
9,42651,1500
9,42652,840
9,42719,192
9,42793,288
9,42794,240
9,42796,1008
9,42799,150
9,42800,150
9,42806,480
9,43052,500
9,43448,600
9,43450,200
9,43522,200
9,44756,750
9,44757,288
9,44758,576
9,44759,250
9,44815,750
9,44817,336
9,44825,1250
9,44832,240
9,45552,270
9,45553,120
9,45554,192
9,45746,600
9,45747,240
9,45748,600
9,45749,300
9,45855,420
9,45856,600
9,45869,150
12,9905,62124
12,9907,1680
12,9920,21600
12,9930,2100
12,9959,3600
12,9962,5520
12,9964,77520
12,10022,960
12,10041,62640
12,10084,1260
12,10140,11880
12,10191,3072
12,10202,3600
12,10353,1224
12,10392,8208
12,10732,17520
12,15668,2400
12,15984,48
12,16470,23760
12,21977,1440
12,22480,68160
12,23959,2880
12,24067,2304
12,25054,108
12,25481,24
12,25483,12
12,25485,12
12,26462,17088
12,26463,7680
12,26982,15120
12,26983,10368
12,26984,15300
12,26988,24000
12,26996,792
12,26997,2952
12,26998,10368
12,27005,10200
12,27006,9300
12,29643,3000
12,29644,600
12,29645,44856
12,29646,1344
12,29648,8850
12,29650,26190
12,29651,26190
12,29653,1800
12,29654,32448
12,29655,600
12,29656,3960
12,29657,37128
12,29663,1800
12,29665,576
12,29666,1152
12,29667,1152
12,29672,1624
12,29673,15808
12,30161,19200
12,31314,400
12,31392,900
12,31401,1440
12,32174,43056
12,32177,51480
12,32178,54360
12,32210,360
12,32211,458
12,32244,289
12,32245,298
12,32272,459
12,32273,450
12,32274,378
12,32275,108
12,32336,6480
12,32344,410
12,32345,252
12,32346,187
12,33400,3200
12,33825,1560
12,34388,8088
12,34696,1100
12,35333,960
12,35391,1800
12,35392,7200
12,36094,12720
12,36232,8700
12,36381,2240
12,36385,2304
12,36500,2952
12,36501,2952
12,36958,225
12,36959,225
12,36960,225
12,36976,576
12,37042,1680
12,37043,1200
12,37056,4608
12,37269,5160
12,37317,4350
12,37318,2640
12,37421,3918
12,37564,480
12,37829,12984
12,37839,16208
12,38140,14580
12,38141,2400
12,38616,240
12,38988,5600
12,39085,312
12,39737,576
12,39738,576
12,40078,1728
12,40258,10512
12,40693,240
12,41072,96
12,41093,3000
12,41106,4008
12,41107,2688
12,41108,1920
12,41141,576
12,41227,282
12,42003,1980
12,42735,6200
12,42736,6000
12,42737,5472
12,42987,4032
12,43454,1200
12,43597,240
12,43741,1680
12,43749,720
12,43753,900
12,43754,900
12,43755,3930
12,43756,1800
12,44001,1344
15,14243,168
15,14249,1400
15,14250,3072
15,14254,4788
15,14255,5328
15,14258,216
15,14259,5940
15,14260,3000
15,14261,4500
15,14262,3420
15,14263,3360
15,14264,1680
15,14265,1800
15,14267,540
15,14317,1080
15,14319,1080
15,14406,3360
15,14407,2592
15,14410,6480
15,14505,870
15,14565,7908
15,14567,5520
15,14568,5520
15,14569,6090
15,14575,4488
15,14711,11120
15,14712,1440
15,14791,360
15,14800,5720
15,15199,8764
15,15259,273
15,15506,360
15,15597,1020
15,15598,4800
15,15599,4140
15,15604,4104
15,15605,4224
15,15606,2400
15,15607,1704
15,15608,3984
15,15632,16456
15,15633,21060
15,15663,840
15,15664,3850
15,15888,1380
15,16004,384
15,16006,840
15,16436,280
15,16698,1410
15,16703,384
15,16752,3600
15,17151,576
15,17162,2544
15,17213,1560
15,17225,240
15,17334,540
15,17463,3020
15,17464,600
15,17525,540
15,17526,120
15,17527,6720
15,17697,1232
15,17878,1050
15,17886,600
15,17923,750
15,18165,840
15,18306,900
15,18471,10700
15,18506,450
15,18815,600
15,18935,5400
15,18936,1440
15,19005,3780
15,19015,180
15,19017,864
15,19720,300
15,19726,768
15,19728,4050
15,20031,1152
15,20187,1240
15,20325,2304
15,20327,288
15,20565,1120
15,20663,1050
15,20664,600
15,20749,7644
15,21139,1350
15,21614,3456
15,21615,1680
15,22277,360
15,22278,6840
15,22279,4560
15,22280,5040
15,22364,6840
15,22530,1200
15,22531,3000
15,23367,150
15,23371,1200
15,23372,14700
15,23611,600
15,23790,3600
15,23791,340
15,23795,360
15,24099,1100
15,24625,3360
15,24628,2760
15,25093,6300
15,25094,7830
15,25095,2250
15,25096,900
15,25097,6960
15,25098,4590
15,25100,600
15,25101,750
15,25133,300
15,25136,26592
15,25141,200
15,25142,460
15,25147,30100
15,25152,384
15,25210,240
15,25592,2010
15,25593,8160
15,25596,192
15,25687,72
15,25968,120
15,25970,200
15,26186,420
15,26187,420
15,26188,420
15,26465,1070
15,26858,4770
15,26859,3210
15,26861,420
15,27863,1600
15,28103,1520
15,28165,600
15,28350,540
15,28352,540
15,28353,540
15,28454,480
15,28455,960
15,28456,2040
15,28457,960
15,28458,536
15,28459,4412
15,28463,360
15,28464,3730
15,29207,648
15,29566,6720
15,29654,1800
15,29657,2520
15,29911,2399
15,29913,1008
15,29915,3080
15,29916,1540
15,29918,1788
15,29922,720
15,29924,2640
15,29927,4464
15,29929,1080
15,29932,1080
15,29934,2580
15,29936,816
15,30579,2776
15,30580,4516
15,30581,480
15,30629,420
15,30634,480
15,30636,720
15,30637,1440
15,30710,810
15,30711,720
15,30813,432
15,30814,2016
15,30835,3030
15,30855,400
15,30857,192
15,30858,540
15,30887,8076
15,30888,11808
15,30889,1000
15,30891,14280
15,30892,980
15,30944,1410
15,30945,4330
15,30992,4080
15,31525,150
15,31616,16860
15,31704,144
15,31707,3024
15,31834,2496
15,32060,480
15,32119,18678
15,32166,8064
15,32167,8400
15,32169,8352
15,32233,4680
15,32494,690
15,32495,800
15,32496,3200
15,32510,1897
15,32533,390
15,32851,4770
15,32861,14144
15,32878,1120
15,32879,1320
15,32920,300
15,32923,1750
15,32924,3000
15,32925,1750
15,32928,3750
15,32929,1500
15,32930,1500
15,32931,2250
15,32932,3750
15,32979,1280
15,32980,900
15,32981,720
15,32997,1050
15,33036,600
15,33046,1400
15,33047,3164
15,33063,600
15,33064,600
15,33102,6760
15,33103,6755
15,33104,5760
15,33766,2700
15,34687,720
15,34876,1484
15,34877,2156
15,34878,700
15,34879,600
15,34880,450
15,34881,450
15,34882,4872
15,34939,3060
15,34940,1800
15,34943,700
15,35080,360
15,35129,330
15,35130,3030
15,35131,150
15,35276,1260
15,35277,720
15,35763,360
15,35799,1200
15,35800,800
15,35801,2400
15,35802,840
15,35803,870
15,35804,240
15,35805,696
15,35806,480
15,35807,400
15,36054,3216
15,36115,2750
15,36190,840
15,36336,240
15,36481,150
15,36613,552
15,37074,675
15,37521,1932
15,37599,540
15,37607,240
15,37678,1080
15,37680,1856
15,37681,480
15,37682,840
15,37683,600
15,37685,672
15,37687,1932
15,37688,600
15,37689,240
15,37695,672
15,37731,270
15,37732,270
15,37746,1840
15,37747,1260
15,37748,720
15,37981,6842
15,37982,10228
15,37983,11092
15,38084,1050
15,38085,13902
15,38148,1440
15,38210,510
15,38211,2250
15,38230,450
15,38231,360
15,38232,1056
15,38234,240
15,38235,420
15,38549,768
15,38612,1464
15,38613,1000
15,38615,4250
15,38901,1800
15,38926,750
15,38928,1650
15,38931,300
15,38932,300
15,38933,300
15,38936,1560
15,38939,500
15,39144,240
15,39428,3240
15,39429,4440
15,39529,500
15,39530,420
15,39531,1000
15,39568,240
15,39569,168
15,39614,160
15,39615,240
15,39834,7920
15,39835,1800
15,39851,4410
15,40000,2700
15,40229,1440
15,40230,1250
15,40232,360
15,40233,480
15,40265,675
15,40266,600
15,40268,1250
15,40355,720
15,40796,1500
15,40797,1120
15,40817,5520
15,40818,780
15,40880,5220
15,41045,3840
15,41046,4950
15,41047,1830
15,41048,3210
15,41049,980
15,41050,2900
15,41051,480
15,41053,2940
15,41054,3556
15,41055,360
15,41093,600
15,41142,1200
15,41143,720
15,41300,4410
15,41593,8910
15,41594,1200
15,41595,7780
15,41649,360
15,41655,96
15,41656,900
15,41657,150
15,41658,2100
15,41783,180
15,41790,640
15,41791,150
15,41903,1800
15,41904,300
15,41905,1650
15,41906,720
15,41924,300
15,42182,360
15,42190,1152
15,42330,240
15,42332,3304
15,42848,144
15,42850,1540
15,42950,2400
15,42959,720
15,42960,3250
15,43044,60
15,43090,360
15,43091,840
15,43092,630
15,43831,360
15,43876,750
15,43877,1000
15,43880,1500
15,43881,1750
15,43887,500
15,44120,1000
15,44578,1344
15,44579,5952
15,44580,2400
15,44584,10776
15,44610,1500
15,44618,5160
15,44900,96
15,44901,96
15,45140,2160
15,45141,2880
15,45160,800
15,45161,400
15,45162,600
15,45163,360
15,45165,240
15,45588,600
15,45736,240
15,45738,144
15,45739,144
15,45740,96
15,45741,200
15,45743,96
15,45744,600
15,45759,1080
15,45771,144
15,45772,450
15,45773,240
15,45774,240
15,45811,192
15,45887,240
16,15935,2040
16,15936,6360
16,15937,8040
16,16206,150
16,16238,450
16,16634,4800
16,16670,6120
16,18277,6128
16,18278,2170
16,18279,8368
16,18833,1120
16,19709,7800
16,19710,7200
16,19711,1584
16,19714,2100
16,21188,22176
16,21520,1190
16,21807,2880
16,22060,900
16,23407,3899
16,23408,3746
16,23438,10944
16,23769,4440
16,24212,13584
16,24650,2400
16,24651,1980
16,24652,3456
16,24653,13320
16,24831,3840
16,24832,3840
16,24849,1200
16,24850,600
16,24875,1200
16,24876,1200
16,25427,1600
16,25487,1500
16,25721,9120
16,27233,960
16,27442,3440
16,27691,7290
16,27692,7260
16,27775,728
16,30185,7200
16,30309,2100
16,31630,1600
16,31938,6870
16,31939,1800
16,31940,4080
16,32144,15888
16,32229,2400
16,33102,675
16,33104,640
16,33638,1292
16,33639,1580
16,34332,2256
16,34333,1104
16,34421,1464
16,34432,6936
16,34702,2640
16,35331,4560
16,35401,1200
16,35402,3000
16,35607,600
16,35905,720
16,35906,720
16,35907,675
16,36093,6720
16,36348,980
16,36377,2400
16,36415,960
16,36416,432
16,36418,1120
16,36491,864
16,36492,864
16,36507,7640
16,36818,960
16,37040,2808
16,37041,3720
16,37277,8280
16,37282,14400
16,37283,24480
16,37419,6552
16,37751,1200
16,37834,11700
16,38996,1728
16,38997,4800
16,39008,180
16,39009,170
16,39010,190
16,39011,200
16,39012,140
16,39013,190
16,39014,170
16,39015,220
16,39016,150
16,39017,190
16,39082,1368
16,39086,480
16,39281,3432
16,39754,2952
16,39755,2952
16,40254,4320
16,40349,1920
16,40657,100
16,40658,500
16,41193,5340
16,41194,5400
16,41280,840
16,41551,3720
16,41642,2016
16,41772,4200
16,42766,864
16,42767,1152
16,43611,240
16,43709,2880
16,43711,720
16,43714,960
16,43717,480
16,43723,300
16,43725,300
16,44014,1000
16,44078,1664
16,44978,480
16,44981,720
16,44983,480
16,44984,720
16,44990,420
16,44995,600
16,44996,540
16,44998,600
16,44999,600
16,45009,720
16,45036,420
16,45037,420
16,45038,480
16,45039,448
16,45040,600
16,45042,864
16,45043,800
16,45051,600
16,45070,600
16,45423,300
17,11067,3600
17,14423,2160
17,14445,648
17,14456,26640
17,14635,9960
17,14721,600
17,14722,6000
17,14803,9792
17,15248,16590
17,15249,2310
17,15250,560
17,15389,7080
17,15406,2520
17,15491,560
17,16549,11232
17,17290,640
17,17696,600
17,18188,2880
17,18189,4224
17,18191,14592
17,18192,11712
17,18884,2880
17,19102,3600
17,19103,3600
17,19426,7650
17,20865,3060
17,20866,3060
17,20869,3700
17,21816,2880
17,22786,1440
17,22790,912
17,22794,312
17,24028,10320
17,24215,4032
17,24216,13824
17,24558,23400
17,24703,1440
17,24829,10080
17,24830,3840
17,24853,2100
17,24854,2100
17,24872,900
17,24873,900
17,25428,2560
17,27483,10800
17,27649,900
17,27684,13290
17,27685,1350
17,27687,13560
17,27721,720
17,27751,1050
17,27752,1120
17,27755,5040
17,30200,19008
17,31311,1200
17,31312,600
17,31321,4608
17,31655,4600
17,32096,40
17,32097,40
17,32098,30
17,32100,40
17,32101,40
17,32897,1530
17,33496,8400
17,33497,560
17,33630,600
17,33631,1200
17,34318,1440
17,34381,600
17,34382,600
17,34383,480
17,34384,600
17,34390,2088
17,34391,1344
17,34431,6432
17,34700,2200
17,34854,1200
17,34855,1200
17,34856,864
17,34857,12600
17,34858,12960
17,35053,3510
17,35333,4880
17,35398,1500
17,35399,2400
17,35968,3600
17,36037,2400
17,36097,9600
17,36317,2880
17,36365,1200
17,36369,480
17,36372,1800
17,36407,624
17,36408,1120
17,36410,2560
17,36494,2304
17,36505,12000
17,37052,3528
17,37053,4708
17,37271,7350
17,37278,960
17,37280,25200
17,37281,25200
17,37310,4608
17,37420,5568
17,37503,1872
17,37836,14700
17,38050,10320
17,38987,3000
17,38993,5900
17,39007,3600
17,39083,480
17,39743,2160
17,40061,1536
17,40353,13320
17,40354,3600
17,41067,10560
17,41068,9984
17,41069,8448
17,41248,1160
17,41250,800
17,41714,960
17,42729,1800
17,42754,2000
17,42756,1728
17,43034,2400
17,43463,4400
17,43533,2080
17,43683,500
17,43684,500
17,43685,500
17,43686,200
17,43707,720
17,43710,240
17,43718,300
17,43720,300
17,43722,4320
17,43724,720
17,43998,800
17,43999,800
17,44000,800
17,44017,2592
17,44028,1200
17,44072,2300
17,44118,3600
17,44119,3600
17,44126,87
17,44128,130
17,44257,1152
17,44258,768
17,44259,1920
17,44260,576
17,44431,360
17,45402,720
17,45403,720
17,45537,750
17,45538,750
17,45539,750
17,45817,200
22,8671,576
22,18588,1176
22,18589,1176
22,18739,1176
22,18740,896
22,18909,560
22,21010,1080
22,21158,240
22,21410,608
22,22275,576
22,22707,360
22,23288,90
22,27915,360
22,28626,616
22,29680,144
22,30148,360
22,30680,320
22,30681,320
22,30682,240
22,30683,1296
22,30684,216
22,30685,400
22,31704,576
22,32151,288
22,32154,288
22,32773,600
22,32774,560
22,32775,480
22,32876,384
22,32877,288
22,33786,240
22,33938,600
22,33964,2038
22,33965,324
22,33966,960
22,33967,720
22,33968,1788
22,33969,250
22,33970,750
22,33971,1538
22,33972,360
22,33978,538
22,33989,750
22,33991,750
22,33995,250
22,33996,250
22,34108,300
22,34109,300
22,34110,300
22,34111,240
22,34113,750
22,35271,700
22,36179,344
22,36180,400
22,36182,900
22,36183,500
22,36185,300
22,36186,540
22,36188,600
22,36213,80
22,36969,750
22,36990,750
22,36991,120
22,36992,250
22,37098,750
22,37733,672
22,37734,672
22,38554,588
22,38555,588
22,38567,300
22,38569,300
22,38570,1710
22,38571,360
22,38572,360
22,38573,360
22,38574,360
22,38575,120
22,38589,240
22,38591,210
22,40426,600
22,40427,600
22,40428,720
22,40429,480
22,40430,1080
22,40431,240
22,40432,192
22,40437,700
22,41056,150
22,41057,150
22,43431,480
22,43432,480
22,43433,960
22,43569,96
22,43570,128
22,43571,480
22,45438,150
22,45439,150
22,45441,180
22,45442,240
22,45443,192
22,45444,240
22,45445,60
22,45446,450
22,45650,250
43,27089,2772
43,27090,3096
43,27091,1980
43,27092,3024
43,27093,144
43,27094,2112
43,27095,2160
43,27096,600
43,27097,3000
43,27099,1944
43,27100,960
43,27101,1596
43,27102,2280
43,27103,3640
43,27104,300
43,27105,300
43,27107,300
43,27110,300
43,27111,300
43,27115,180
43,28389,600
43,28436,196
43,28437,1204
43,28438,450
43,28440,480
43,28442,1152
43,28452,300
43,28453,360
43,30164,1920
43,31699,450
43,31700,1440
43,32021,576
43,32025,720
43,32073,1792
43,32074,896
43,32490,1540
43,34569,192
43,34706,1770
43,34707,150
43,34708,2040
43,34709,2160
43,34710,960
43,35904,1840
43,35908,300
43,35933,50
43,36688,288
43,36689,216
43,36690,360
43,36691,216
43,36692,216
43,36754,288
43,36755,90
43,36756,150
43,37724,960
43,37725,400
43,37726,200
43,37727,200
43,37728,1440
43,38877,360
43,38878,200
43,38879,960
43,38881,1512
43,39107,1920
43,40472,1140
43,40473,1224
43,41866,576
43,41867,384
43,41868,240
43,44224,240
43,44307,576
44,27928,1810
44,27931,960
44,27936,240
44,27937,1840
44,27938,600
44,27939,816
44,27941,780
44,27942,300
44,27944,2428
44,27945,1708
44,27946,1708
44,27948,300
44,27949,914
44,27950,2016
44,27951,1020
44,27952,1740
44,27953,2970
44,27954,1008
44,27955,300
44,27957,510
44,27959,1440
44,27960,2160
44,27961,216
44,27964,4340
44,27965,3720
44,27968,672
44,27969,1680
44,27972,4040
44,27989,660
44,27993,1080
44,27995,30
44,27997,30
44,27998,1800
44,28000,480
44,29727,60
44,29854,432
44,29856,792
44,30915,1020
44,31725,1200
44,31746,480
44,32358,1232
44,32361,120
44,32362,1560
44,32363,624
44,32743,336
44,33719,1680
44,33720,1020
44,35539,3720
44,35542,150
44,35543,690
44,35544,570
44,36693,450
44,36694,120
44,36695,60
44,36696,120
44,36710,240
44,37347,1580
44,37348,120
44,37349,180
44,37350,320
44,37351,300
44,37352,300
44,37353,12
44,37354,72
44,37355,60
44,37356,30
44,37357,30
44,37358,1148
44,37359,192
44,37360,800
44,37361,400
44,37362,400
44,37363,80
44,37496,360
44,38365,330
44,38366,30
44,38367,336
44,41097,240
44,42188,720
44,43037,576
44,44894,180
44,44902,240
44,45210,160
66,3915,288
66,3950,4416
66,3965,4980
66,3966,4980
66,4218,2100
66,4309,5040
66,4315,1920
66,4458,1728
66,4625,2870
66,4627,3648
66,4629,1488
66,7365,1728
66,14532,6804
66,17553,864
66,19322,4800
66,19323,4800
66,20466,3220
66,21805,320
66,22080,6048
66,22928,1152
66,23393,4500
66,24208,6000
66,24825,3504
66,24826,1104
66,24845,840
66,24869,1000
66,24881,1000
66,25115,1200
66,25424,960
66,25447,360
66,27210,432
66,27212,240
66,27707,6900
66,27708,6900
66,27719,960
66,28212,1650
66,28270,900
66,29710,2700
66,30188,2600
66,31649,600
66,31843,4266
66,32262,4200
66,32350,3060
66,33637,120
66,34035,900
66,34394,840
66,34400,600
66,34417,1060
66,34433,984
66,34509,2880
66,34694,550
66,35327,1380
66,35403,1000
66,35404,2300
66,36091,1440
66,36092,1800
66,36344,344
66,36356,600
66,36419,840
66,36421,1260
66,36422,1440
66,36490,1152
66,36508,2000
66,36510,2000
66,36653,3000
66,36654,1920
66,36787,3600
66,36788,3000
66,36791,3000
66,36795,11480
66,36797,1800
66,36799,5280
66,36800,2592
66,36802,840
66,36810,250
66,36811,360
66,36824,180
66,37025,2808
66,37026,2880
66,37027,2880
66,37035,2760
66,37036,2880
66,37275,5590
66,37369,4500
66,37370,4500
66,37371,1800
66,37414,956
66,37577,1860
66,37833,3600
66,38065,4200
66,38067,800
66,38069,5080
66,38139,960
66,38683,7500
66,38930,1000
66,38999,1944
66,39000,1000
66,39542,1200
66,39990,1440
66,39992,2448
66,40705,6528
66,40706,6144
66,40822,480
66,40823,480
66,40824,480
66,40825,480
66,40826,3000
66,41272,240
66,41276,400
66,41564,2256
66,41810,960
66,41811,1200
66,41812,1440
66,41908,1500
66,42143,1152
66,42144,2520
66,42807,3072
66,42808,3600
66,42809,1152
66,43030,800
66,43309,2560
66,43441,800
66,43572,500
66,43960,960
66,43962,300
66,43963,300
66,43965,720
66,43967,240
66,44018,1872
66,44065,500
66,44330,720
66,44897,1350
66,44898,1440
66,44899,1440
66,45280,192
66,45281,5670
66,45848,2688