warehouse_id,sku_id,pr_qty
0,20,576.0
0,101,400.0
0,120,510.0
0,225,288.0
0,232,240.0
0,400,1800.0
0,579,1800.0
0,639,29190.0
0,1152,1800.0
0,1204,1260.0
0,1348,1920.0
0,1723,59364.0
0,1728,240.0
0,1914,1500.0
0,2038,384.0
0,2039,320.0
0,2151,360.0
0,2443,6000.0
0,2477,4032.0
0,2937,864.0
0,2952,6000.0
0,3072,3600.0
0,3112,1536.0
0,3155,300.0
0,3908,1972.0
0,3915,96.0
0,4309,280.0
0,4312,224.0
0,4621,1920.0
0,5152,1800.0
0,5236,576.0
0,5243,2250.0
0,5771,2880.0
0,5810,2568.0
0,5839,240.0
0,5852,7308.0
0,5889,2400.0
0,6015,832.0
0,6294,360.0
0,6393,360.0
0,6516,1008.0
0,6620,1584.0
0,6655,1320.0
0,7373,240.0
0,7457,432.0
0,7656,720.0
0,7696,288.0
0,7764,280.0
0,8279,315.0
0,8294,240.0
0,8418,1200.0
0,8565,300.0
0,8593,144.0
0,8627,432.0
0,9059,600.0
0,9394,48.0
0,9434,720.0
0,9906,180.0
0,9920,720.0
0,9934,360.0
0,10205,720.0
0,10314,11136.0
0,10317,2832.0
0,10332,1080.0
0,10599,96.0
0,10614,144.0
0,10975,499.0
0,10976,1920.0
0,10977,1920.0
0,10978,120.0
0,11022,660.0
0,11055,3120.0
0,11067,2500.0
0,11068,1100.0
0,11150,3960.0
0,11178,1200.0
0,11213,1234.0
0,11252,700.0
0,11410,240.0
0,11433,2304.0
0,11556,450.0
0,11557,990.0
0,11580,540.0
0,11707,1008.0
0,11799,448.0
0,11832,1736.0
0,11850,420.0
0,11863,10990.0
0,11958,2088.0
0,11984,192.0
0,11996,440.0
0,12000,120.0
0,12001,120.0
0,12072,1680.0
0,12121,288.0
0,12221,1152.0
0,12627,1785.0
0,12784,640.0
0,13247,5040.0
0,14203,256.0
0,14208,1500.0
0,14370,288.0
0,14425,480.0
0,14430,480.0
0,14431,480.0
0,14543,880.0
0,14673,528.0
0,14783,768.0
0,14802,1512.0
0,14862,588.0
0,15100,300.0
0,15102,360.0
0,15103,1830.0
0,15104,840.0
0,15136,1500.0
0,15137,1152.0
0,15183,1728.0
0,15186,1404.0
0,15250,1024.0
0,15259,777.0
0,15270,400.0
0,15333,4020.0
0,15334,1980.0
0,15358,1980.0
0,15372,1080.0
0,15568,780.0
0,15619,120.0
0,15667,4800.0
0,15668,768.0
0,15669,2240.0
0,15675,4032.0
0,15711,480.0
0,15718,280.0
0,15759,720.0
0,15929,4032.0
0,15965,360.0
0,16053,576.0
0,16183,1050.0
0,16184,1856.0
0,16248,560.0
0,16253,480.0
0,16255,240.0
0,16300,1512.0
0,16316,576.0
0,16409,8360.0
0,16456,288.0
0,16459,224.0
0,16460,4544.0
0,16519,750.0
0,16553,1080.0
0,16555,510.0
0,16592,576.0
0,16594,4872.0
0,16625,270.0
0,16638,144.0
0,16642,240.0
0,16686,504.0
0,16703,4404.0
0,16727,180.0
0,16765,600.0
0,16807,1344.0
0,16876,576.0
0,16953,200.0
0,16955,648.0
0,17613,324.0
0,17654,8250.0
0,17762,384.0
0,17864,2100.0
0,17866,30.0
0,17992,2100.0
0,17993,3330.0
0,18170,480.0
0,18278,3108.0
0,18401,1980.0
0,18408,576.0
0,18473,5040.0
0,18474,4320.0
0,18556,660.0
0,18570,900.0
0,18571,2580.0
0,18577,600.0
0,18646,4068.0
0,18658,320.0
0,18961,960.0
0,19017,384.0
0,19028,1752.0
0,19069,2100.0
0,19099,360.0
0,19206,2880.0
0,19507,1152.0
0,19518,300.0
0,19552,224.0
0,19568,300.0
0,19574,480.0
0,19578,2208.0
0,19595,1296.0
0,19745,480.0
0,19804,192.0
0,19956,288.0
0,20325,240.0
0,20771,900.0
0,20852,4228.0
0,20886,900.0
0,20899,216.0
0,21011,540.0
0,21034,550.0
0,21039,720.0
0,21040,3120.0
0,21145,504.0
0,21178,480.0
0,21256,768.0
0,21257,7642.0
0,21304,11640.0
0,21358,300.0
0,21360,528.0
0,21377,240.0
0,21410,1200.0
0,21441,240.0
0,21520,280.0
0,21522,1440.0
0,21546,780.0
0,21551,280.0
0,21559,1800.0
0,21709,384.0
0,21726,550.0
0,21785,550.0
0,21787,330.0
0,21975,192.0
0,22130,576.0
0,22228,576.0
0,22238,576.0
0,22278,1792.0
0,22348,300.0
0,22693,3600.0
0,22929,432.0
0,22931,720.0
0,22934,720.0
0,23030,240.0
0,23083,720.0
0,23263,400.0
0,23393,660.0
0,23435,144.0
0,23776,1152.0
0,23807,880.0
0,23821,1210.0
0,23912,720.0
0,23986,1008.0
0,23994,640.0
0,24008,504.0
0,24047,450.0
0,24051,540.0
0,24057,216.0
0,24122,2100.0
0,24123,2100.0
0,24176,180.0
0,24177,180.0
0,24342,720.0
0,24343,480.0
0,24344,960.0
0,24350,4080.0
0,24458,576.0
0,24492,300.0
0,24553,1728.0
0,24558,300.0
0,24649,360.0
0,24672,180.0
0,24702,336.0
0,24739,360.0
0,24789,336.0
0,24809,384.0
0,24819,432.0
0,24841,450.0
0,24865,600.0
0,24866,600.0
0,24868,600.0
0,24869,600.0
0,24941,720.0
0,25028,600.0
0,25087,250.0
0,25142,200.0
0,25152,144.0
0,25167,360.0
0,25206,600.0
0,25265,280.0
0,25300,216.0
0,25303,2100.0
0,25322,300.0
0,25609,432.0
0,25610,288.0
0,25621,280.0
0,25622,280.0
0,25651,1800.0
0,25662,336.0
0,25777,1056.0
0,25800,500.0
0,25802,1800.0
0,25887,96.0
0,25896,240.0
0,25919,600.0
0,25931,600.0
0,25987,280.0
0,26004,120.0
0,26060,810.0
0,26136,224.0
0,26164,96.0
0,26192,405.0
0,26224,720.0
0,26225,480.0
0,26226,720.0
0,26240,300.0
0,26378,2046.0
0,26435,1650.0
0,26438,1100.0
0,26474,1440.0
0,26477,216.0
0,26539,750.0
0,26595,180.0
0,26711,1155.0
0,26725,440.0
0,26844,550.0
0,26863,480.0
0,26945,144.0
0,26981,480.0
0,26991,540.0
0,26994,400.0
0,27026,400.0
0,27055,720.0
0,27056,672.0
0,27074,960.0
0,27154,1068.0
0,27166,600.0
0,27284,864.0
0,27294,216.0
0,27309,96.0
0,27310,720.0
0,27330,300.0
0,27410,1200.0
0,27436,528.0
0,27558,288.0
0,27561,600.0
0,27639,864.0
0,27697,4200.0
0,27726,1400.0
0,27729,672.0
0,27751,224.0
0,27754,168.0
0,27767,616.0
0,27772,350.0
0,27806,1800.0
0,27915,360.0
0,28052,1440.0
0,28053,2880.0
0,28081,480.0
0,28084,480.0
0,28086,784.0
0,28131,480.0
0,28159,1680.0
0,28161,1680.0
0,28177,672.0
0,28232,360.0
0,28244,432.0
0,28279,144.0
0,28291,120.0
0,28307,360.0
0,28312,784.0
0,28313,768.0
0,28316,270.0
0,28329,384.0
0,28346,500.0
0,28414,360.0
0,28423,1056.0
0,28427,120.0
0,28496,240.0
0,28520,1440.0
0,28522,240.0
0,28534,480.0
0,28622,1680.0
0,28727,280.0
0,28775,210.0
0,28802,448.0
0,28803,180.0
0,28804,240.0
0,28864,192.0
0,28865,240.0
0,28866,1380.0
0,28867,1380.0
0,28888,380.0
0,28905,600.0
0,28931,192.0
0,28934,720.0
0,28966,480.0
0,28975,150.0
0,28990,720.0
0,29041,3500.0
0,29051,240.0
0,29058,1218.0
0,29059,350.0
0,29085,350.0
0,29090,192.0
0,29107,120.0
0,29111,600.0
0,29136,405.0
0,29186,384.0
0,29187,448.0
0,29214,2100.0
0,29231,1500.0
0,29298,360.0
0,29325,180.0
0,29402,336.0
0,29523,384.0
0,29530,624.0
0,29586,720.0
0,29587,3504.0
0,29649,1440.0
0,29650,2100.0
0,29664,300.0
0,29681,1680.0
0,29691,660.0
0,29799,378.0
0,29830,630.0
0,29849,600.0
0,29851,672.0
0,29950,192.0
0,30028,900.0
0,30035,280.0
0,30096,420.0
0,30104,1200.0
0,30187,160.0
0,30273,240.0
0,30317,240.0
0,30403,600.0
0,30423,288.0
0,30437,816.0
0,30438,2340.0
0,30471,270.0
0,30472,420.0
0,30475,180.0
0,30479,810.0
0,30484,1470.0
0,30485,750.0
0,30494,1500.0
0,30498,600.0
0,30524,144.0
0,30531,750.0
0,30554,480.0
0,30581,280.0
0,30602,960.0
0,30644,450.0
0,30654,825.0
0,30655,360.0
0,30665,400.0
0,30667,3120.0
0,30668,400.0
0,30673,1080.0
0,30686,288.0
0,30691,280.0
0,30696,448.0
0,30707,420.0
0,30763,1008.0
0,30817,576.0
0,30830,900.0
0,30834,588.0
0,30887,96.0
0,30903,180.0
0,30953,270.0
0,31024,1536.0
0,31062,352.0
0,31080,280.0
0,31085,900.0
0,31109,1668.0
0,31110,1848.0
0,31111,1280.0
0,31164,270.0
0,31215,1800.0
0,31247,192.0
0,31312,112.0
0,31404,378.0
0,31417,1848.0
0,31482,1380.0
0,31520,994.0
0,31541,360.0
0,31553,400.0
0,31573,480.0
0,31578,360.0
0,31607,576.0
0,31637,150.0
0,31639,150.0
0,31661,720.0
0,31667,90.0
0,31668,1536.0
0,31755,576.0
0,31756,576.0
0,31816,770.0
0,31834,240.0
0,31842,864.0
0,31852,450.0
0,31895,720.0
0,31968,144.0
0,31977,688.0
0,31978,952.0
0,32023,80.0
0,32034,60.0
0,32052,432.0
0,32119,360.0
0,32185,180.0
0,32195,420.0
0,32198,2160.0
0,32235,200.0
0,32239,150.0
0,32240,300.0
0,32241,500.0
0,32242,450.0
0,32243,300.0
0,32251,270.0
0,32252,192.0
0,32257,240.0
0,32259,11940.0
0,32262,400.0
0,32315,7200.0
0,32327,2880.0
0,32351,200.0
0,32358,448.0
0,32475,280.0
0,32477,900.0
0,32502,900.0
0,32506,480.0
0,32508,300.0
0,32513,96.0
0,32597,480.0
0,32620,216.0
0,32695,930.0
0,32845,336.0
0,32854,288.0
0,32855,288.0
0,32861,608.0
0,32864,720.0
0,32866,400.0
0,32867,400.0
0,32871,200.0
0,32900,300.0
0,32902,288.0
0,32982,720.0
0,33039,1512.0
0,33051,504.0
0,33089,360.0
0,33104,540.0
0,33146,576.0
0,33150,150.0
0,33160,1380.0
0,33163,144.0
0,33169,60.0
0,33225,1500.0
0,33226,300.0
0,33284,240.0
0,33288,360.0
0,33307,56.0
0,33308,392.0
0,33325,360.0
0,33326,480.0
0,33327,480.0
0,33353,64.0
0,33378,590.0
0,33379,117.0
0,33381,150.0
0,33382,480.0
0,33394,450.0
0,33395,736.0
0,33398,1486.0
0,33400,350.0
0,33414,480.0
0,33424,180.0
0,33465,100.0
0,33497,424.0
0,33528,1152.0
0,33529,250.0
0,33549,1680.0
0,33586,864.0
0,33587,864.0
0,33682,900.0
0,33686,180.0
0,33708,600.0
0,33709,6000.0
0,33808,660.0
0,33892,240.0
0,33914,280.0
0,33919,576.0
0,33930,600.0
0,33932,168.0
0,33987,6480.0
0,33994,500.0
0,33995,750.0
0,33996,500.0
0,34029,200.0
0,34167,320.0
0,34278,1152.0
0,34302,360.0
0,34323,480.0
0,34326,450.0
0,34327,1068.0
0,34330,450.0
0,34331,450.0
0,34347,384.0
0,34362,30.0
0,34364,408.0
0,34378,180.0
0,34443,600.0
0,34452,960.0
0,34529,1320.0
0,34532,480.0
0,34538,870.0
0,34594,504.0
0,34595,288.0
0,34691,720.0
0,34759,900.0
0,34850,60.0
0,34854,1240.0
0,34855,1700.0
0,34873,540.0
0,34892,2400.0
0,34896,400.0
0,34906,1800.0
0,34934,21.0
0,34990,300.0
0,35001,784.0
0,35029,1440.0
0,35041,52800.0
0,35053,1800.0
0,35064,528.0
0,35087,1008.0
0,35131,150.0
0,35199,450.0
0,35208,432.0
0,35224,450.0
0,35305,1536.0
0,35319,288.0
0,35324,380.0
0,35325,400.0
0,35333,600.0
0,35393,420.0
0,35395,420.0
0,35428,450.0
0,35431,320.0
0,35445,144.0
0,35467,528.0
0,35501,1680.0
0,35535,90.0
0,35576,600.0
0,35577,150.0
0,35578,600.0
0,35583,200.0
0,35607,150.0
0,35612,1584.0
0,35664,320.0
0,35684,1260.0
0,35699,960.0
0,35701,7560.0
0,35708,768.0
0,35711,448.0
0,35712,576.0
0,35728,144.0
0,35844,300.0
0,35898,560.0
0,35935,720.0
0,35940,1500.0
0,35966,1152.0
0,35978,768.0
0,35989,144.0
0,36035,1500.0
0,36053,480.0
0,36056,11084.0
0,36060,280.0
0,36066,2700.0
0,36067,2280.0
0,36075,600.0
0,36083,600.0
0,36140,1500.0
0,36141,1920.0
0,36173,750.0
0,36178,324.0
0,36181,1056.0
0,36184,360.0
0,36191,432.0
0,36306,600.0
0,36319,300.0
0,36374,100.0
0,36396,336.0
0,36431,360.0
0,36460,1080.0
0,36502,800.0
0,36504,300.0
0,36505,300.0
0,36506,200.0
0,36507,300.0
0,36509,600.0
0,36515,1344.0
0,36523,500.0
0,36562,100.0
0,36596,4120.0
0,36624,1800.0
0,36630,336.0
0,36634,6480.0
0,36644,500.0
0,36669,1696.0
0,36683,960.0
0,36731,300.0
0,36761,1384.0
0,36764,600.0
0,36783,600.0
0,36788,1380.0
0,36795,490.0
0,36796,100.0
0,36797,100.0
0,36798,480.0
0,36799,1680.0
0,36800,6144.0
0,36802,600.0
0,36803,420.0
0,36808,1056.0
0,36819,1152.0
0,36825,504.0
0,36879,720.0
0,36913,768.0
0,36924,840.0
0,36961,675.0
0,36967,384.0
0,36970,856.0
0,37037,1000.0
0,37056,1920.0
0,37059,100.0
0,37075,480.0
0,37084,288.0
0,37124,288.0
0,37143,600.0
0,37156,100.0
0,37187,720.0
0,37193,2496.0
0,37216,1800.0
0,37217,1800.0
0,37267,441.0
0,37309,1800.0
0,37310,288.0
0,37395,600.0
0,37396,192.0
0,37417,720.0
0,37418,400.0
0,37423,480.0
0,37540,25880.0
0,37549,288.0
0,37569,864.0
0,37578,500.0
0,37594,832.0
0,37608,600.0
0,37620,2040.0
0,37621,1512.0
0,37629,450.0
0,37633,900.0
0,37634,900.0
0,37642,360.0
0,37665,240.0
0,37671,1200.0
0,37685,64.0
0,37687,70.0
0,37695,1088.0
0,37710,720.0
0,37746,1440.0
0,37750,2880.0
0,37794,360.0
0,37830,300.0
0,37854,864.0
0,37878,360.0
0,37901,560.0
0,37963,1250.0
0,37981,250.0
0,37982,750.0
0,37983,1000.0
0,38013,1000.0
0,38014,1500.0
0,38015,2500.0
0,38050,1200.0
0,38065,360.0
0,38067,100.0
0,38068,600.0
0,38069,280.0
0,38114,1380.0
0,38116,1800.0
0,38128,250.0
0,38140,900.0
0,38175,448.0
0,38211,250.0
0,38223,4032.0
0,38244,480.0
0,38268,576.0
0,38279,216.0
0,38280,480.0
0,38281,480.0
0,38282,1344.0
0,38283,924.0
0,38284,504.0
0,38285,1296.0
0,38286,324.0
0,38287,1836.0
0,38338,3520.0
0,38343,100.0
0,38362,1200.0
0,38379,384.0
0,38380,50.0
0,38381,496.0
0,38384,3150.0
0,38460,500.0
0,38501,400.0
0,38523,300.0
0,38530,360.0
0,38544,600.0
0,38545,1080.0
0,38547,1080.0
0,38549,4896.0
0,38556,300.0
0,38566,300.0
0,38612,288.0
0,38638,384.0
0,38643,300.0
0,38684,720.0
0,38687,1008.0
0,38753,1056.0
0,38754,192.0
0,38755,840.0
0,38756,960.0
0,38766,900.0
0,38771,2280.0
0,38772,1800.0
0,38880,656.0
0,38914,1800.0
0,38939,250.0
0,38988,400.0
0,38990,800.0
0,38992,1200.0
0,38997,800.0
0,39000,800.0
0,39004,350.0
0,39120,600.0
0,39122,200.0
0,39124,500.0
0,39125,200.0
0,39126,300.0
0,39161,288.0
0,39163,1584.0
0,39215,3024.0
0,39226,744.0
0,39270,600.0
0,39273,600.0
0,39275,720.0
0,39281,1440.0
0,39285,816.0
0,39298,384.0
0,39316,3744.0
0,39394,1080.0
0,39423,720.0
0,39434,4660.0
0,39438,700.0
0,39439,200.0
0,39518,600.0
0,39519,600.0
0,39521,600.0
0,39529,1250.0
0,39569,480.0
0,39609,420.0
0,39613,720.0
0,39618,600.0
0,39745,500.0
0,39756,800.0
0,39759,300.0
0,39760,200.0
0,39763,184.0
0,39771,1128.0
0,39845,2000.0
0,39857,912.0
0,39877,48.0
0,39891,844.0
0,39893,900.0
0,39961,2340.0
0,39965,700.0
0,39966,240.0
0,39969,2100.0
0,39970,1500.0
0,39978,1152.0
0,39985,600.0
0,39986,300.0
0,39991,660.0
0,39992,384.0
0,40000,600.0
0,40061,960.0
0,40087,538.0
0,40111,720.0
0,40133,210.0
0,40154,1080.0
0,40155,540.0
0,40233,770.0
0,40298,2376.0
0,40299,3520.0
0,40318,448.0
0,40340,1310.0
0,40383,384.0
0,40388,1152.0
0,40395,600.0
0,40426,1088.0
0,40427,640.0
0,40432,700.0
0,40488,192.0
0,40540,150.0
0,40602,288.0
0,40651,384.0
0,40667,300.0
0,40700,400.0
0,40701,500.0
0,40723,280.0
0,40728,1800.0
0,40733,300.0
0,40738,120.0
0,40741,240.0
0,40742,240.0
0,40743,2688.0
0,40744,384.0
0,40757,500.0
0,40863,700.0
0,40895,960.0
0,40903,300.0
0,41071,250.0
0,41107,1152.0
0,41108,1152.0
0,41141,576.0
0,41190,750.0
0,41337,750.0
0,41344,450.0
0,41395,360.0
0,41422,4320.0
0,41506,1500.0
0,41522,1000.0
0,41532,1152.0
0,41573,960.0
0,41644,1210.0
0,41645,3500.0
0,41646,1750.0
0,41647,3000.0
0,41648,850.0
0,41654,600.0
0,41662,576.0
0,41714,560.0
0,41737,784.0
0,41738,960.0
0,41739,960.0
0,41740,960.0
0,41785,2016.0
0,41787,576.0
0,41807,600.0
0,41815,300.0
0,41834,360.0
0,41843,480.0
0,41873,288.0
0,41901,1310.0
0,41912,1536.0
0,41922,450.0
0,41930,360.0
0,41979,600.0
0,41980,600.0
0,42069,300.0
0,42071,210.0
0,42072,210.0
0,42075,1806.0
0,42077,240.0
0,42080,480.0
0,42101,620.0
0,42107,320.0
0,42137,150.0
0,42189,2688.0
0,42190,240.0
0,42222,576.0
0,42533,540.0
0,42599,1728.0
0,42600,1500.0
0,42601,500.0
0,42602,500.0
0,42652,600.0
0,42710,270.0
0,42712,300.0
0,42721,1728.0
0,42723,200.0
0,42726,144.0
0,42727,144.0
0,42731,200.0
0,42732,400.0
0,42733,700.0
0,42738,720.0
0,42759,1200.0
0,42779,1200.0
0,42787,1440.0
0,42795,480.0
0,42822,576.0
0,42827,3200.0
0,42837,1440.0
0,42841,960.0
0,42848,640.0
0,42869,1800.0
0,42872,960.0
0,42987,960.0
0,43030,200.0
0,43044,180.0
0,43045,576.0
0,43046,240.0
0,43047,864.0
0,43063,288.0
0,43219,512.0
0,43242,2250.0
0,43243,2500.0
0,43307,1600.0
0,43309,1152.0
0,43310,1152.0
0,43388,230.0
0,43437,300.0
0,43448,1500.0
0,43463,1200.0
0,43482,384.0
0,43506,450.0
0,43569,240.0
0,43570,2752.0
0,43589,2160.0
0,43607,576.0
0,43617,120.0
0,43631,600.0
0,43679,600.0
0,43769,324.0
0,43770,90.0
0,43771,336.0
0,43819,960.0
0,43874,550.0
0,43886,1000.0
0,43888,360.0
0,43898,2280.0
0,43900,570.0
0,43901,240.0
0,43902,360.0
0,43917,300.0
0,43920,210.0
0,43925,390.0
0,43927,576.0
0,43933,864.0
0,43935,408.0
0,43937,1070.0
0,43939,720.0
0,43949,768.0
0,43971,2016.0
0,44034,240.0
0,44036,360.0
0,44042,1200.0
0,44073,504.0
0,44074,504.0
0,44076,504.0
0,44085,450.0
0,44091,2916.0
0,44095,2400.0
0,44135,912.0
0,44240,886.0
0,44262,536.0
0,44284,240.0
0,44358,144.0
0,44359,144.0
0,44360,240.0
0,44481,300.0
0,44482,359.0
0,44530,720.0
0,44531,520.0
0,44532,450.0
0,44533,210.0
0,44547,2160.0
0,44552,960.0
0,44565,720.0
0,44578,2144.0
0,44764,480.0
0,44768,380.0
0,44769,300.0
0,44771,48.0
0,44773,300.0
0,44774,300.0
0,44951,765.0
0,44959,960.0
0,45072,550.0
0,45122,504.0
0,45280,144.0
0,45458,200.0
0,45801,48.0
0,45802,600.0
0,45803,300.0
0,45804,450.0
0,45805,150.0
0,45873,405.0
0,45874,2304.0
0,46268,450.0
0,46383,200.0
0,46441,600.0
0,46442,900.0
0,46536,3060.0
0,46566,200.0
0,46567,200.0
0,46568,200.0
0,46789,300.0
0,46877,300.0
0,46898,196.0
0,46899,196.0
0,46901,196.0
0,47356,144.0
0,47496,48.0
0,47540,320.0
0,142111,600.0
0,210690,2776.0
0,8901764061257,8112.0
1,12319,2820.0
1,12327,67500.0
1,12604,3420.0
1,12633,7200.0
1,12670,1500.0
1,12717,591.0
1,12793,2880.0
1,12795,12600.0
1,12823,864.0
1,12854,21600.0
1,13135,29160.0
1,13151,79.0
1,13152,381.0
1,13156,780.0
1,13330,2376.0
1,13584,3000.0
1,13743,30210.0
1,13744,28080.0
1,13745,5040.0
1,13786,26880.0
1,13813,2376.0
1,13860,8700.0
1,13953,1392.0
1,14017,37920.0
1,14133,2520.0
1,14138,3300.0
1,14167,16740.0
1,14769,600.0
1,14771,240.0
1,15209,5760.0
1,15430,42364.0
1,15739,3000.0
1,15751,441.0
1,15984,1071.0
1,15985,4278.0
1,16037,77970.0
1,17414,866.0
1,17415,423.0
1,17417,392.0
1,17590,100.0
1,17591,50.0
1,17621,404.0
1,17703,1050.0
1,18083,266.0
1,18084,479.0
1,18087,5000.0
1,18105,57120.0
1,18106,37080.0
1,18292,5970.0
1,18556,5280.0
1,18581,5400.0
1,18787,2040.0
1,19311,9200.0
1,19434,8352.0
1,19435,8040.0
1,19500,26304.0
1,19501,32296.0
1,19502,10800.0
1,20518,3600.0
1,20519,27648.0
1,20523,8640.0
1,20622,180.0
1,20784,7180.0
1,20808,4500.0
1,20848,83640.0
1,20850,40032.0
1,20851,24540.0
1,20852,48748.0
1,20853,2880.0
1,20855,2160.0
1,21406,1200.0
1,21559,3240.0
1,21656,3000.0
1,21851,9600.0
1,21894,4581.0
1,22556,29520.0
1,22921,3840.0
1,22926,29760.0
1,22935,80.0
1,22944,6720.0
1,23260,12800.0
1,23373,1200.0
1,23548,8370.0
1,23552,4800.0
1,23637,7200.0
1,23638,46392.0
1,23639,47244.0
1,23640,2700.0
1,23642,5928.0
1,23865,220.0
1,23866,225.0
1,23867,240.0
1,23868,1155.0
1,23869,10.0
1,23870,220.0
1,23871,230.0
1,23872,330.0
1,23873,64.0
1,23874,31.0
1,23875,215.0
1,23876,10.0
1,24746,4500.0
1,24838,4800.0
1,24841,5400.0
1,24843,8700.0
1,24865,10500.0
1,24866,12000.0
1,25431,1920.0
1,25432,1920.0
1,25451,6648.0
1,25452,2400.0
1,25609,40320.0
1,25610,55440.0
1,26060,36510.0
1,26061,14400.0
1,26628,1200.0
1,27207,1092.0
1,27658,10800.0
1,27717,376.0
1,27897,5760.0
1,28229,45480.0
1,28231,2640.0
1,29903,440.0
1,29907,492.0
1,29908,462.0
1,30169,3672.0
1,30191,6000.0
1,30482,15163.0
1,30484,52320.0
1,30485,34950.0
1,30594,17336.0
1,30820,50550.0
1,30940,1800.0
1,30941,3600.0
1,31091,48960.0
1,31093,3000.0
1,31465,190.0
1,31466,173.0
1,31467,200.0
1,31468,189.0
1,31469,180.0
1,31473,315.0
1,31474,524.0
1,31475,854.0
1,31476,188.0
1,31477,175.0
1,31659,920.0
1,32018,800.0
1,32348,14040.0
1,32555,37926.0
1,33020,867.0
1,33021,233.0
1,33022,900.0
1,33023,753.0
1,33339,8280.0
1,33525,4320.0
1,33526,4320.0
1,33527,18720.0
1,33528,1440.0
1,33634,1680.0
1,33635,432.0
1,33768,12600.0
1,33769,12000.0
1,33770,18960.0
1,33771,9600.0
1,33772,9840.0
1,34006,15984.0
1,34143,1560.0
1,34163,50.0
1,34351,12840.0
1,34396,8400.0
1,34397,7200.0
1,34399,2640.0
1,34411,216.0
1,34413,1896.0
1,34434,17280.0
1,34697,5940.0
1,34824,588.0
1,34825,600.0
1,34826,477.0
1,34827,548.0
1,35079,12288.0
1,35224,2250.0
1,35316,1200.0
1,35326,9640.0
1,35371,24936.0
1,35687,2250.0
1,36036,7550.0
1,36038,1.0
1,36039,1.0
1,36040,2.0
1,36041,1.0
1,36042,1.0
1,36043,1.0
1,36044,1.0
1,36045,1.0
1,36046,1.0
1,36047,1.0
1,36087,6480.0
1,36088,15960.0
1,36148,120.0
1,36305,2160.0
1,36352,1024.0
1,36424,720.0
1,36425,7140.0
1,36488,7224.0
1,36509,9200.0
1,36628,7104.0
1,36630,25584.0
1,36631,4500.0
1,36632,19080.0
1,36635,6300.0
1,36636,8100.0
1,36637,5895.0
1,36638,7425.0
1,36639,7335.0
1,36640,4230.0
1,36641,5424.0
1,36642,2800.0
1,36757,5400.0
1,36766,9120.0
1,36895,2000.0
1,36896,1000.0
1,36977,3600.0
1,37044,6440.0
1,37045,9750.0
1,37148,57.0
1,37149,10.0
1,37151,35.0
1,37152,51.0
1,37273,9200.0
1,37311,1290.0
1,37490,8640.0
1,37491,8784.0
1,37780,21.0
1,37811,1777.0
1,37832,40800.0
1,37935,300.0
1,37992,1495.0
1,37993,1535.0
1,37994,2364.0
1,37995,1461.0
1,38049,45000.0
1,38244,21060.0
1,38745,573.0
1,38746,1193.0
1,38747,1427.0
1,38748,1291.0
1,38749,1358.0
1,38750,796.0
1,38751,899.0
1,39001,6192.0
1,39002,11240.0
1,39155,219.0
1,39156,130.0
1,39157,240.0
1,39159,156.0
1,39160,270.0
1,39306,350.0
1,39307,350.0
1,39308,350.0
1,39751,6120.0
1,39812,160.0
1,39813,228.0
1,39814,48.0
1,39815,79.0
1,39816,121.0
1,39817,155.0
1,39818,112.0
1,39819,184.0
1,39820,88.0
1,39821,120.0
1,39822,46.0
1,39823,119.0
1,39824,142.0
1,39825,60.0
1,39826,113.0
1,39827,48.0
1,39828,88.0
1,39829,48.0
1,39892,18192.0
1,39893,6240.0
1,40249,61.0
1,40504,9336.0
1,40660,3150.0
1,40661,2745.0
1,40663,1680.0
1,40664,6468.0
1,40667,2520.0
1,40668,2520.0
1,40669,1000.0
1,40670,1000.0
1,40715,16000.0
1,41267,1680.0
1,41268,1000.0
1,41567,3840.0
1,41612,13.0
1,41613,13.0
1,41615,13.0
1,41617,13.0
1,41618,13.0
1,41619,13.0
1,41620,13.0
1,41621,13.0
1,41622,13.0
1,41623,13.0
1,41817,9120.0
1,41953,112.0
1,41954,136.0
1,41955,190.0
1,41956,90.0
1,41959,22.0
1,41960,184.0
1,41961,90.0
1,41962,910.0
1,41964,720.0
1,41965,864.0
1,41966,855.0
1,41967,2385.0
1,41968,2430.0
1,41997,1200.0
1,41998,1200.0
1,42000,2160.0
1,42289,5.0
1,42290,7.0
1,42291,3.0
1,42292,20.0
1,42294,2.0
1,42295,3.0
1,42296,5.0
1,42301,3.0
1,42302,4.0
1,42306,13.0
1,42307,10.0
1,42308,10.0
1,42309,2.0
1,42310,10.0
1,42311,2.0
1,42312,10.0
1,42313,10.0
1,42314,21.0
1,42315,4.0
1,42316,14.0
1,42317,2.0
1,42318,5.0
1,42319,5.0
1,42320,2.0
1,42321,7.0
1,42322,8.0
1,42324,5.0
1,42325,4.0
1,42326,5.0
1,42327,5.0
1,42328,4.0
1,42329,4.0
1,42331,2.0
1,42333,2.0
1,42335,4.0
1,42336,2.0
1,42337,3.0
1,42338,3.0
1,42339,3.0
1,42340,3.0
1,42341,2.0
1,42342,4.0
1,42343,2.0
1,42344,4.0
1,42346,8.0
1,42347,5.0
1,42348,3.0
1,42349,2.0
1,42350,2.0
1,42351,2.0
1,42352,5.0
1,42353,2.0
1,42356,3.0
1,42357,3.0
1,42358,2.0
1,42359,2.0
1,42360,5.0
1,42361,3.0
1,42362,4.0
1,42363,3.0
1,42364,3.0
1,42365,4.0
1,42366,2.0
1,42367,6.0
1,42368,3.0
1,42369,4.0
1,42370,2.0
1,42371,4.0
1,42372,3.0
1,42373,4.0
1,42374,3.0
1,42375,3.0
1,42376,10.0
1,42377,4.0
1,42378,19.0
1,42381,5.0
1,42383,8.0
1,42384,7.0
1,42723,1250.0
1,42724,3840.0
1,42778,1500.0
1,42779,3960.0
1,42780,2760.0
1,42781,3240.0
1,42782,2880.0
1,42783,7800.0
1,43238,240.0
1,43584,2340.0
1,43632,22080.0
1,43634,14640.0
1,43636,3870.0
1,43637,3600.0
1,43638,4740.0
1,43639,5040.0
1,43640,46080.0
1,43641,13530.0
1,43704,384.0
1,43729,80.0
1,43755,14880.0
1,43990,1440.0
1,44027,6000.0
1,44068,6280.0
1,44077,2880.0
1,44117,3000.0
1,44153,305.0
1,44154,8.0
1,44155,24.0
1,44156,22.0
1,44157,19.0
1,44159,79.0
1,44160,59.0
1,44161,39.0
1,44162,18.0
1,44163,40.0
1,44164,24.0
1,44165,2.0
1,44166,46.0
1,44167,44.0
1,44168,17.0
1,44170,55.0
1,44171,20.0
1,44172,45.0
1,44173,15.0
1,44174,15.0
1,44175,11.0
1,44176,13.0
1,44177,11.0
1,44178,12.0
1,44179,14.0
1,44180,43.0
1,44181,11.0
1,44182,53.0
1,44183,73.0
1,44184,41.0
1,44185,14.0
1,44186,27.0
1,44187,51.0
1,44188,36.0
1,44190,68.0
1,44191,140.0
1,44192,12.0
1,44193,4.0
1,44194,65.0
1,44195,34.0
1,44569,249.0
1,45284,8640.0
1,45459,3936.0
1,45461,3000.0
1,45470,972.0
1,45471,3480.0
1,45608,144.0
1,45609,144.0
1,45610,144.0
1,45611,144.0
1,45612,144.0
1,45620,600.0
1,45621,720.0
1,45857,25.0
1,45858,25.0
1,45859,25.0
1,45860,25.0
1,45861,25.0
1,45862,25.0
1,45863,25.0
1,45864,25.0
1,45865,25.0
1,45866,25.0
1,45867,25.0
1,46137,5100.0
1,46138,6030.0
1,46629,480.0
1,46692,1500.0
1,46749,3000.0
1,46847,1107.0
1,46848,2225.0
1,46927,2880.0
1,46929,2880.0
1,46930,2880.0
1,46931,2880.0
1,47010,2500.0
1,47011,2880.0
1,54321,1000.0
1,908907,8.0
1,998887766,1.0
2,372,300.0
2,487,624.0
2,496,351.0
2,2151,26400.0
2,2798,800.0
2,3079,35040.0
2,3165,1708.0
2,3193,932.0
2,4961,32880.0
2,12151,6192.0
2,15228,240.0
2,17315,3000.0
2,18570,9000.0
2,18571,2040.0
2,18580,1980.0
2,18977,5400.0
2,19098,23856.0
2,19506,15497.0
2,19507,14304.0
2,19544,17472.0
2,21347,15000.0
2,21356,3780.0
2,21358,31200.0
2,21359,48.0
2,23261,20480.0
2,23669,20160.0
2,23964,1920.0
2,23965,16920.0
2,24777,14688.0
2,24778,4680.0
2,24779,37980.0
2,24844,5550.0
2,24867,10000.0
2,25423,292.0
2,25429,3840.0
2,25430,8960.0
2,25444,1200.0
2,26011,11520.0
2,26012,6720.0
2,26759,1800.0
2,27208,740.0
2,27701,31410.0
2,27702,32550.0
2,27718,768.0
2,27733,14048.0
2,27734,34160.0
2,27735,21672.0
2,27801,1872.0
2,27802,6444.0
2,29637,1200.0
2,29639,11160.0
2,29640,720.0
2,30190,5200.0
2,30517,10560.0
2,30518,14040.0
2,31215,2160.0
2,31316,960.0
2,31449,167.0
2,31455,33.0
2,31456,97.0
2,31462,184.0
2,31676,2000.0
2,31893,6804.0
2,31923,42.0
2,32140,21900.0
2,32141,4320.0
2,32190,26010.0
2,32347,13960.0
2,32551,960.0
2,32552,2880.0
2,32998,359.0
2,32999,639.0
2,33000,392.0
2,33001,356.0
2,33002,518.0
2,33004,633.0
2,33640,2016.0
2,33684,240.0
2,33685,1920.0
2,33691,5.0
2,33692,5.0
2,33694,5.0
2,33697,4.0
2,33699,4.0
2,33700,6.0
2,33701,11.0
2,33705,2.0
2,33973,104.0
2,33974,37.0
2,33975,62.0
2,33976,92.0
2,33977,62.0
2,34137,100.0
2,34138,230.0
2,34139,190.0
2,34164,5.0
2,34165,6.0
2,34166,10.0
2,34168,11.0
2,34169,6.0
2,34170,12.0
2,34171,6.0
2,34172,1.0
2,34173,21.0
2,34174,3.0
2,34175,3.0
2,34176,6.0
2,34177,2.0
2,34203,6.0
2,34392,3936.0
2,34393,2736.0
2,34402,5520.0
2,34423,3300.0
2,34424,240.0
2,34425,240.0
2,34426,240.0
2,34427,16128.0
2,34605,21120.0
2,34698,7920.0
2,34829,323.0
2,34831,285.0
2,34835,269.0
2,34836,287.0
2,34837,350.0
2,34887,4032.0
2,35232,2.0
2,35259,3.0
2,35332,7720.0
2,35399,6000.0
2,35400,1000.0
2,36098,13920.0
2,36099,15500.0
2,36184,9840.0
2,36187,480.0
2,36304,1000.0
2,36373,1308.0
2,36397,15840.0
2,36411,2880.0
2,36412,1440.0
2,36413,1400.0
2,36414,480.0
2,36493,7992.0
2,36506,13900.0
2,36759,600.0
2,36780,9000.0
2,36781,9000.0
2,37050,1440.0
2,37051,2310.0
2,37141,9120.0
2,37272,16200.0
2,37312,1489.0
2,37773,700.0
2,37775,1350.0
2,37835,39300.0
2,37930,200.0
2,38203,150.0
2,38204,100.0
2,38205,15.0
2,38530,8520.0
2,38531,5160.0
2,38994,3936.0
2,38995,11000.0
2,39127,240.0
2,39128,240.0
2,39161,1440.0
2,39171,7.0
2,39172,6.0
2,39173,7.0
2,39174,8.0
2,39175,8.0
2,39176,8.0
2,39177,8.0
2,39178,10.0
2,39179,6.0
2,39180,5.0
2,39181,5.0
2,39182,5.0
2,39183,16.0
2,39184,14.0
2,39185,13.0
2,39186,9.0
2,39187,3.0
2,39188,3.0
2,39189,10.0
2,39309,200.0
2,39310,200.0
2,39311,150.0
2,39320,27.0
2,39323,98.0
2,39324,57.0
2,39326,28.0
2,39327,6.0
2,39331,4.0
2,39333,1.0
2,39334,1.0
2,39335,10.0
2,39336,6.0
2,39337,8.0
2,39338,367.0
2,39424,2880.0
2,39586,432.0
2,39746,12384.0
2,40057,19018.0
2,40250,61.0
2,40269,6750.0
2,40350,1400.0
2,40363,23040.0
2,40398,6480.0
2,40400,2100.0
2,40474,30.0
2,40475,30.0
2,40476,30.0
2,40477,30.0
2,40479,15.0
2,40480,70.0
2,40481,24.0
2,40482,24.0
2,40483,74.0
2,40484,73.0
2,40485,74.0
2,40491,23.0
2,40492,56.0
2,40493,67.0
2,40495,30.0
2,40496,45.0
2,40497,24.0
2,40498,24.0
2,40499,75.0
2,40500,24.0
2,40501,24.0
2,40502,64.0
2,40503,6288.0
2,40508,16350.0
2,40523,416.0
2,40524,80.0
2,40525,40.0
2,40526,80.0
2,40527,80.0
2,40528,40.0
2,40529,80.0
2,40531,75.0
2,40532,75.0
2,40533,160.0
2,40539,1800.0
2,40586,30.0
2,40587,30.0
2,40588,30.0
2,40589,30.0
2,40653,6960.0
2,40654,96.0
2,40712,6271.0
2,40713,8670.0
2,40827,4500.0
2,40903,1250.0
2,41179,5000.0
2,41190,20520.0
2,41253,2800.0
2,41257,2880.0
2,41334,5280.0
2,41571,9408.0
2,41572,5736.0
2,41573,5760.0
2,41601,52.0
2,41602,52.0
2,41603,52.0
2,41604,52.0
2,41605,52.0
2,41606,52.0
2,41607,52.0
2,41608,52.0
2,41609,52.0
2,41610,52.0
2,42009,594.0
2,42102,2380.0
2,42106,1400.0
2,42107,9280.0
2,42108,4080.0
2,42272,5.0
2,42273,10.0
2,42274,2.0
2,42275,2.0
2,42276,2.0
2,42277,2.0
2,42279,2.0
2,42299,3.0
2,42303,6.0
2,42304,4.0
2,42345,3.0
2,42394,3.0
2,42395,4.0
2,42396,9.0
2,42397,3.0
2,42398,14.0
2,42399,6.0
2,42400,3.0
2,42401,5.0
2,42402,19.0
2,42403,36.0
2,42405,10.0
2,42407,39.0
2,42408,19.0
2,42410,22.0
2,42411,2.0
2,42412,17.0
2,42413,10.0
2,42414,13.0
2,42415,5.0
2,42416,5.0
2,42418,14.0
2,42419,20.0
2,42421,4.0
2,42422,4.0
2,42424,8.0
2,42425,25.0
2,42428,2.0
2,42429,4.0
2,42430,2.0
2,42431,3.0
2,42432,3.0
2,42433,3.0
2,42434,4.0
2,42435,2.0
2,42436,2.0
2,42437,2.0
2,42438,2.0
2,42439,3.0
2,42440,2.0
2,42441,6.0
2,42465,3.0
2,42466,6.0
2,42467,2.0
2,42470,9.0
2,42472,3.0
2,42474,7.0
2,42477,4.0
2,42484,5.0
2,42497,5.0
2,42500,2.0
2,42502,8.0
2,42506,2.0
2,42507,4.0
2,42508,15.0
2,42510,11.0
2,42555,9.0
2,42557,8.0
2,42559,12.0
2,42563,7.0
2,42564,4.0
2,42565,9.0
2,42566,7.0
2,42567,3.0
2,42575,3.0
2,42576,4.0
2,42577,3.0
2,42578,2.0
2,42579,5.0
2,42580,3.0
2,42581,5.0
2,42582,3.0
2,42583,2.0
2,42584,26.0
2,42585,9.0
2,42586,5.0
2,42587,10.0
2,42589,9.0
2,42591,10.0
2,42592,6.0
2,42593,3.0
2,42595,3.0
2,42596,4.0
2,42597,6.0
2,42721,10688.0
2,42722,7360.0
2,42731,400.0
2,42732,5600.0
2,42733,400.0
2,42734,400.0
2,42758,2500.0
2,42759,7000.0
2,42760,2520.0
2,42761,2448.0
2,42762,2496.0
2,42861,5.0
2,42942,50.0
2,42943,22.0
2,42944,10.0
2,42945,50.0
2,42947,40.0
2,42958,1200.0
2,43382,10800.0
2,43383,8856.0
2,43384,6120.0
2,43385,8880.0
2,43523,12.0
2,43524,10.0
2,43525,261.0
2,43526,15.0
2,43527,20.0
2,43528,18.0
2,43529,15.0
2,43535,53.0
2,43536,48.0
2,43537,32.0
2,43538,15.0
2,43539,21.0
2,43540,32.0
2,43541,38.0
2,43542,36.0
2,43543,14.0
2,43544,16.0
2,43545,36.0
2,43547,30.0
2,43548,12.0
2,43549,12.0
2,43550,9.0
2,43551,11.0
2,43552,9.0
2,43553,10.0
2,43554,11.0
2,43555,43.0
2,43556,59.0
2,43557,37.0
2,43558,15.0
2,43559,34.0
2,43560,9.0
2,43561,24.0
2,43562,43.0
2,43563,29.0
2,43616,352.0
2,43661,3600.0
2,43664,720.0
2,43667,1920.0
2,43669,1800.0
2,43670,1800.0
2,43672,4860.0
2,43674,4590.0
2,43675,10080.0
2,43676,4500.0
2,43772,28.0
2,43774,53.0
2,43775,44.0
2,43776,113.0
2,43777,88.0
2,44067,3440.0
2,44071,3296.0
2,44114,6000.0
2,44551,2850.0
2,44581,100.0
2,44791,1500.0
2,44792,1500.0
2,44793,1500.0
2,44794,1500.0
2,45159,5280.0
2,45222,7200.0
2,45405,5160.0
2,45472,1674.0
2,45473,2040.0
2,45477,9000.0
2,45483,9000.0
2,45614,25.0
2,45625,25.0
2,45626,25.0
2,45629,25.0
2,45653,384.0
2,45654,25.0
2,45655,25.0
2,45656,25.0
2,45657,25.0
2,45658,25.0
2,45659,25.0
2,45660,25.0
2,45711,5760.0
2,46130,1980.0
2,46131,900.0
2,46455,1080.0
2,46750,2000.0
2,46765,3000.0
2,46922,2880.0
2,46924,2880.0
2,46925,2880.0
2,46926,2880.0
2,46976,6196.0
2,47068,510.0
2,47069,360.0
2,47112,8.0
2,47113,8.0
2,47114,8.0
2,47115,8.0
2,47116,12.0
2,47117,8.0
2,47118,12.0
2,47119,12.0
2,47121,12.0
2,47122,12.0
2,47123,12.0
2,47124,8.0
2,47125,12.0
2,47126,8.0
2,47127,8.0
2,47128,12.0
2,47129,8.0
2,47130,12.0
2,47131,12.0
2,47132,12.0
2,47133,12.0
2,47134,13.0
2,47135,8.0
2,47136,12.0
2,47137,8.0
2,47138,8.0
2,47139,12.0
2,47140,8.0
2,47141,12.0
2,47142,12.0
2,47143,12.0
2,47144,12.0
2,47145,12.0
2,47146,8.0
2,47147,11.0
2,47148,12.0
2,47149,12.0
2,47150,12.0
2,47151,12.0
2,47152,12.0
2,47153,12.0
2,47154,12.0
2,47155,12.0
2,47156,12.0
2,47157,8.0
2,47158,8.0
2,47159,8.0
2,47160,8.0
2,47161,8.0
2,47162,8.0
2,47163,12.0
2,47164,12.0
2,47165,12.0
2,47166,12.0
2,47167,12.0
2,47168,8.0
2,47169,12.0
2,47170,8.0
2,47171,8.0
2,47172,12.0
2,47250,8.0
2,47494,1200.0
3,5157,840.0
3,5161,570.0
3,5162,1800.0
3,5172,1800.0
3,5174,331.0
3,5346,600.0
3,5420,316.0
3,5499,7560.0
3,5516,273.0
3,5518,269.0
3,5520,274.0
3,5592,12450.0
3,5612,17040.0
3,5647,17736.0
3,5673,3360.0
3,5811,1800.0
3,5812,1008.0
3,5850,600.0
3,5898,2700.0
3,5899,2700.0
3,5937,8820.0
3,15487,120.0
3,15985,1602.0
3,17174,3600.0
3,17183,9216.0
3,17972,30200.0
3,18084,35.0
3,18367,300.0
3,18369,1950.0
3,19635,5340.0
3,19757,12300.0
3,19758,3000.0
3,19759,9000.0
3,20657,5280.0
3,21721,122.0
3,21808,1600.0
3,22934,6480.0
3,23267,6800.0
3,23956,6912.0
3,24173,720.0
3,24204,5184.0
3,24827,5280.0
3,24828,5904.0
3,24855,1350.0
3,24856,900.0
3,24879,1900.0
3,24880,1200.0
3,25128,3000.0
3,25433,1600.0
3,26044,27036.0
3,26045,576.0
3,26669,4080.0
3,26834,4680.0
3,26835,3276.0
3,26841,2464.0
3,26957,368.0
3,27715,12450.0
3,27716,13800.0
3,29712,2268.0
3,29713,1056.0
3,29715,1950.0
3,29718,4200.0
3,29748,19440.0
3,30088,6336.0
3,30189,8320.0
3,30194,6480.0
3,30195,1500.0
3,30221,6468.0
3,30881,1565.0
3,30943,1200.0
3,31320,1440.0
3,32142,1944.0
3,32505,31845.0
3,32506,30795.0
3,33628,840.0
3,33629,252.0
3,33849,7182.0
3,33932,1456.0
3,33933,2688.0
3,33934,1288.0
3,34313,1680.0
3,34450,5208.0
3,34451,2568.0
3,34699,2420.0
3,34992,6000.0
3,35285,1632.0
3,35395,2300.0
3,35396,1620.0
3,35901,4536.0
3,36096,7200.0
3,36365,600.0
3,36403,840.0
3,36404,2800.0
3,36405,960.0
3,36406,720.0
3,36497,2952.0
3,36504,4500.0
3,37048,1420.0
3,37049,450.0
3,37140,1200.0
3,37276,5400.0
3,37537,720.0
3,37777,182.0
3,37778,481.0
3,37779,627.0
3,37780,575.0
3,37781,60.0
3,37782,612.0
3,37837,23040.0
3,37994,20.0
3,38079,2112.0
3,38745,20.0
3,38749,30.0
3,38751,20.0
3,38992,5250.0
3,39084,792.0
3,39741,2304.0
3,40381,4224.0
3,40382,5376.0
3,40383,2688.0
3,40385,3648.0
3,40386,2880.0
3,40389,4392.0
3,40642,2970.0
3,40643,1440.0
3,40644,1440.0
3,40645,9340.0
3,41242,960.0
3,41244,808.0
3,41659,960.0
3,41660,1536.0
3,41661,960.0
3,41662,1536.0
3,41663,1536.0
3,41664,960.0
3,41845,1000.0
3,42219,1440.0
3,42229,1800.0
3,42751,2600.0
3,42753,1440.0
3,43593,384.0
3,43618,2880.0
3,43621,480.0
3,43622,240.0
3,43623,540.0
3,43625,900.0
3,43626,1920.0
3,43627,1920.0
3,43629,2430.0
3,43630,6720.0
3,43992,792.0
3,44024,1008.0
3,44026,960.0
3,44029,2700.0
3,44036,1530.0
3,44037,495.0
3,44038,450.0
3,44048,828.0
3,44070,1500.0
3,44566,3384.0
3,45705,240.0
3,45706,1800.0
3,45707,2520.0
3,45708,2565.0
3,45712,2320.0
3,45725,144.0
3,45726,120.0
3,45794,288.0
3,46142,1170.0
3,46143,900.0
3,46174,1080.0
3,46352,300.0
3,46353,300.0
3,46354,360.0
3,46355,360.0
3,46578,2688.0
3,46815,1000.0
3,46917,1680.0
3,47466,630.0
3,47563,495.0
4,3915,5712.0
4,3950,31068.0
4,3965,21900.0
4,3966,22860.0
4,4218,21630.0
4,4309,31320.0
4,4315,37584.0
4,4457,240.0
4,4458,34320.0
4,4470,5088.0
4,4500,2400.0
4,4522,6120.0
4,4561,4590.0
4,4596,8680.0
4,4621,13440.0
4,4625,35420.0
4,4627,47472.0
4,4629,27840.0
4,7365,21816.0
4,14532,28476.0
4,14623,7560.0
4,15629,5430.0
4,16587,6600.0
4,17553,6480.0
4,19322,38016.0
4,19323,40128.0
4,20466,12320.0
4,21805,6400.0
4,22060,960.0
4,22080,39264.0
4,22928,11520.0
4,23316,4320.0
4,23393,20100.0
4,23512,240.0
4,23809,2240.0
4,24208,18432.0
4,24389,240.0
4,24392,1920.0
4,24710,1920.0
4,24825,9120.0
4,24826,7440.0
4,24845,5035.0
4,24846,3570.0
4,24869,3800.0
4,24881,3400.0
4,25114,5760.0
4,25115,30240.0
4,25424,12800.0
4,25447,1080.0
4,27210,2148.0
4,27212,1440.0
4,27707,31920.0
4,27708,32700.0
4,27719,2496.0
4,27756,4480.0
4,27758,4200.0
4,27893,21.0
4,28212,10380.0
4,28240,4200.0
4,28270,8625.0
4,28275,1536.0
4,29710,3600.0
4,30180,240.0
4,30188,38800.0
4,31326,2880.0
4,31649,5100.0
4,31843,27216.0
4,32261,3240.0
4,32262,27000.0
4,32350,29860.0
4,32891,7560.0
4,33012,878.0
4,33014,187.0
4,33016,148.0
4,33017,256.0
4,33018,240.0
4,33207,9045.0
4,33637,960.0
4,34035,15240.0
4,34394,10908.0
4,34400,2640.0
4,34415,1320.0
4,34416,1944.0
4,34417,2080.0
4,34433,9488.0
4,34509,32880.0
4,34694,10400.0
4,34933,240.0
4,35053,1890.0
4,35059,2100.0
4,35327,11320.0
4,35403,5500.0
4,35404,9000.0
4,35674,3600.0
4,36091,11760.0
4,36092,12000.0
4,36344,728.0
4,36356,4250.0
4,36419,1560.0
4,36420,4828.0
4,36421,3456.0
4,36422,4684.0
4,36490,7632.0
4,36508,18860.0
4,36653,11500.0
4,36654,6144.0
4,36819,2448.0
4,36824,750.0
4,37035,6178.0
4,37036,9800.0
4,37275,10600.0
4,37583,16884.0
4,37833,24000.0
4,38139,5232.0
4,38617,150.0
4,38913,720.0
4,38999,7776.0
4,39000,2000.0
4,39756,4500.0
4,39758,3000.0
4,40338,360.0
4,40442,1344.0
4,40659,7704.0
4,40707,7500.0
4,40714,480.0
4,40716,480.0
4,40717,480.0
4,40718,480.0
4,41074,1500.0
4,41272,1680.0
4,41276,1400.0
4,41424,6150.0
4,41425,1200.0
4,41426,2800.0
4,41823,2400.0
4,41825,17568.0
4,42772,1700.0
4,42774,2160.0
4,42775,3072.0
4,42776,8000.0
4,43219,9344.0
4,43617,288.0
4,43679,4500.0
4,43930,8160.0
4,43931,630.0
4,43932,4170.0
4,43934,3870.0
4,43936,360.0
4,43938,240.0
4,43940,1440.0
4,43943,4560.0
4,43946,4140.0
4,43970,5040.0
4,44015,800.0
4,44022,4320.0
4,44051,1188.0
4,44074,5784.0
4,44387,7740.0
4,44468,3600.0
4,44469,960.0
4,44543,1350.0
4,44561,5010.0
4,44683,60.0
4,44684,60.0
4,44685,60.0
4,44686,60.0
4,44687,60.0
4,44688,60.0
4,44690,60.0
4,44691,60.0
4,44692,60.0
4,44693,216.0
4,44694,216.0
4,45146,2350.0
4,45464,1050.0
4,46144,2610.0
4,46145,1950.0
4,46721,1440.0
4,46840,2640.0
4,46876,3000.0
4,46877,3000.0
4,46878,3316.0
4,46879,3750.0
4,47461,2000.0
5,5,300.0
5,3966,7200.0
5,4131,2520.0
5,4315,312.0
5,4470,600.0
5,4628,17280.0
5,7240,4236.0
5,7276,384.0
5,7297,480.0
5,7365,17640.0
5,7390,3808.0
5,7582,7000.0
5,7656,65100.0
5,7774,750.0
5,8309,19488.0
5,14876,5100.0
5,18578,5616.0
5,19313,21180.0
5,19963,45936.0
5,22081,6048.0
5,22226,5376.0
5,22227,7104.0
5,22229,27840.0
5,23263,6260.0
5,23995,5184.0
5,24739,35500.0
5,24740,35380.0
5,24789,1920.0
5,24847,2460.0
5,24848,1860.0
5,24870,3600.0
5,24871,4300.0
5,25455,600.0
5,26000,30720.0
5,26195,1090.0
5,27709,42750.0
5,27710,45590.0
5,27712,23775.0
5,27720,360.0
5,27767,34360.0
5,27768,2800.0
5,27813,3240.0
5,27847,13800.0
5,27853,6624.0
5,28084,31152.0
5,28086,6480.0
5,28097,6575.0
5,28281,17808.0
5,28284,38964.0
5,28297,9480.0
5,28303,5280.0
5,28308,9520.0
5,28312,25168.0
5,28313,1920.0
5,28333,4800.0
5,28412,2880.0
5,28414,8460.0
5,28810,5040.0
5,28837,3432.0
5,28857,8400.0
5,28864,2752.0
5,28870,35760.0
5,28975,3000.0
5,29002,10848.0
5,29061,25760.0
5,29223,90.0
5,29228,23072.0
5,29298,4440.0
5,29392,5040.0
5,29534,4350.0
5,29706,9360.0
5,29708,8640.0
5,29808,448.0
5,30181,3576.0
5,30187,19400.0
5,31325,4176.0
5,31639,1150.0
5,32185,9390.0
5,32186,18880.0
5,32187,40048.0
5,32188,9090.0
5,32258,4800.0
5,32260,1920.0
5,32349,14400.0
5,32485,2025.0
5,32695,2700.0
5,32982,4800.0
5,33632,240.0
5,33633,504.0
5,33747,7380.0
5,34323,30552.0
5,34332,2688.0
5,34398,3720.0
5,34407,1900.0
5,34408,5208.0
5,34409,300.0
5,34435,1440.0
5,34510,13680.0
5,35015,103.0
5,35016,3.0
5,35017,6.0
5,35020,124.0
5,35021,49.0
5,35022,98.0
5,35134,14400.0
5,35324,8216.0
5,35325,4800.0
5,35406,3000.0
5,35407,3300.0
5,36089,5400.0
5,36090,13680.0
5,36347,678.0
5,36378,500.0
5,36428,600.0
5,36430,1152.0
5,36483,4752.0
5,36484,6768.0
5,36510,7290.0
5,36653,10764.0
5,36654,15264.0
5,37038,6120.0
5,37039,6528.0
5,37274,13000.0
5,37416,11520.0
5,37587,2304.0
5,37826,27336.0
5,37830,17400.0
5,39004,16000.0
5,39005,4700.0
5,39006,7200.0
5,39087,1220.0
5,39749,6900.0
5,40370,35520.0
5,40443,25536.0
5,40444,5040.0
5,40939,840.0
5,41259,3200.0
5,41264,1350.0
5,42747,11380.0
5,42748,3600.0
5,42749,6912.0
5,42750,5952.0
5,43045,288.0
5,43947,8640.0
5,43948,1170.0
5,43950,2880.0
5,43951,2880.0
5,43952,1080.0
5,43953,1200.0
5,43954,1200.0
5,43956,8400.0
5,43958,8910.0
5,44039,11250.0
5,44045,2772.0
5,44285,300.0
5,44498,240.0
5,45457,288.0
5,45458,720.0
5,45462,3000.0
5,45790,1530.0
5,46148,2700.0
5,46149,1200.0
5,46432,448.0
5,46434,120.0
5,46541,1950.0
5,46542,1950.0
5,46543,150.0
5,46544,600.0
5,46774,1200.0
5,46775,870.0
5,46789,4800.0
5,46825,250.0
5,46903,504.0
5,46904,56.0
5,46905,504.0
5,46906,504.0
6,1024,480.0
6,1636,37920.0
6,1645,14112.0
6,1703,80700.0
6,1707,39900.0
6,1709,10032.0
6,1710,8700.0
6,1839,21912.0
6,1841,3938.0
6,1843,49200.0
6,1846,5880.0
6,1848,900.0
6,1890,89760.0
6,2013,91320.0
6,2053,53873.0
6,2097,66192.0
6,2189,1080.0
6,2216,23604.0
6,2235,42960.0
6,2236,5040.0
6,2258,6480.0
6,2449,2340.0
6,2450,3375.0
6,2459,7800.0
6,4974,19368.0
6,6246,17760.0
6,6265,27840.0
6,6278,1536.0
6,6281,17040.0
6,6303,3600.0
6,6304,4500.0
6,6309,26928.0
6,6319,15900.0
6,6321,10080.0
6,6322,28560.0
6,6324,480.0
6,6359,1120.0
6,6361,1120.0
6,6365,1120.0
6,6379,4699.0
6,6389,10944.0
6,6423,18480.0
6,6433,10560.0
6,6452,3000.0
6,6459,5400.0
6,6462,24997.0
6,6475,7800.0
6,6507,5760.0
6,6512,100620.0
6,6519,10506.0
6,6543,4080.0
6,6555,936.0
6,6573,9600.0
6,6583,4200.0
6,6613,2880.0
6,6620,10800.0
6,6680,2520.0
6,6686,4890.0
6,6687,4875.0
6,6688,2480.0
6,6696,420.0
6,6700,224.0
6,6890,1680.0
6,6985,18240.0
6,6999,9800.0
6,7146,46512.0
6,7150,3600.0
6,7151,4608.0
6,7165,13908.0
6,10836,204.0
6,12171,1800.0
6,14333,480.0
6,14506,23940.0
6,14507,8400.0
6,14534,17100.0
6,14821,21830.0
6,14822,23670.0
6,14823,52025.0
6,14910,260.0
6,14912,558.0
6,14914,819.0
6,14919,3124.0
6,14920,3044.0
6,14922,4905.0
6,14924,978.0
6,14925,2054.0
6,14926,864.0
6,14959,2650.0
6,14961,4276.0
6,14962,2025.0
6,14963,10395.0
6,14964,18092.0
6,14966,7429.0
6,14967,1339.0
6,14968,2830.0
6,14970,1883.0
6,14989,2703.0
6,14990,3990.0
6,14991,2301.0
6,14996,644.0
6,15004,440.0
6,15006,556.0
6,15007,1033.0
6,15021,3797.0
6,15023,5594.0
6,15024,7607.0
6,15168,1120.0
6,15393,4411.0
6,15394,3013.0
6,15395,5913.0
6,15619,360.0
6,15620,5020.0
6,15658,11616.0
6,17109,1224.0
6,17110,1702.0
6,17112,1087.0
6,17976,62400.0
6,18611,270.0
6,19139,1050.0
6,19472,18900.0
6,19569,18360.0
6,19644,27360.0
6,20050,257.0
6,20055,548.0
6,20059,676.0
6,20061,1287.0
6,21465,12000.0
6,21466,12000.0
6,21468,10720.0
6,22242,13056.0
6,22244,1920.0
6,22245,4032.0
6,23097,3187.0
6,23098,2254.0
6,23099,4252.0
6,23133,2681.0
6,23134,2376.0
6,23135,3976.0
6,23137,2040.0
6,23138,1375.0
6,23139,3062.0
6,23312,216.0
6,24053,1580.0
6,24054,840.0
6,24055,480.0
6,24819,11808.0
6,24820,15840.0
6,24839,1500.0
6,24840,1500.0
6,24960,4224.0
6,25602,3600.0
6,27978,450.0
6,30442,1277.0
6,30443,1228.0
6,30444,2415.0
6,30445,2223.0
6,30446,3177.0
6,30447,4295.0
6,32052,13968.0
6,32053,2304.0
6,32054,8784.0
6,32116,3640.0
6,32117,17640.0
6,32629,2520.0
6,33204,13340.0
6,33205,2470.0
6,33851,14400.0
6,33852,31240.0
6,33853,26250.0
6,33854,21630.0
6,33855,6750.0
6,34346,1920.0
6,34347,6720.0
6,34752,17700.0
6,34753,22650.0
6,34754,21100.0
6,34755,13800.0
6,34757,14500.0
6,34758,43320.0
6,34759,20550.0
6,35328,2016.0
6,35329,4104.0
6,35330,1080.0
6,35372,1200.0
6,35375,5520.0
6,35919,2232.0
6,35920,2364.0
6,35921,3897.0
6,36437,62640.0
6,36563,22152.0
6,36571,12000.0
6,38162,1970.0
6,38621,22368.0
6,38622,9468.0
6,38623,7968.0
6,38998,17400.0
6,39891,8400.0
6,40223,14400.0
6,40224,14400.0
6,40604,2520.0
6,40605,180.0
6,40606,1275.0
6,40607,640.0
6,40608,1200.0
6,40609,960.0
6,40610,1260.0
6,40611,5880.0
6,40777,132.0
6,40778,344.0
6,40779,126.0
6,40780,474.0
6,40781,288.0
6,40782,856.0
6,41083,4800.0
6,41084,1188.0
6,41085,10020.0
6,41392,360.0
6,41393,270.0
6,41395,2040.0
6,41396,2040.0
6,42172,7323.0
6,42173,10932.0
6,42738,10080.0
6,42768,2880.0
6,42769,10944.0
6,42770,2880.0
6,42771,7200.0
6,42787,8700.0
6,42788,6300.0
6,43280,140.0
6,43281,144.0
6,43282,384.0
6,43283,1160.0
6,43284,833.0
6,43285,714.0
6,43286,549.0
6,43287,1631.0
6,43288,928.0
6,43977,12000.0
6,43978,11760.0
6,43980,12720.0
6,43981,11426.0
6,43983,2430.0
6,43984,1170.0
6,43987,11618.0
6,43988,3330.0
6,44244,1600.0
6,44514,13920.0
6,44516,14520.0
6,45129,300.0
6,45130,570.0
6,45148,2080.0
6,45149,600.0
6,45157,4800.0
6,45166,1512.0
6,45167,6000.0
6,45168,2640.0
6,45170,3000.0
6,45171,1200.0
6,45172,2800.0
6,45221,7920.0
6,45565,1440.0
6,46225,1320.0
6,46971,120.0
6,46972,60.0
8,10890,61440.0
8,10945,15840.0
8,10953,390.0
8,10975,8232.0
8,10977,56736.0
8,10990,6600.0
8,10995,2760.0
8,11018,67500.0
8,11021,55704.0
8,11025,2280.0
8,11055,7968.0
8,11067,50520.0
8,11068,69660.0
8,11104,17400.0
8,11145,5960.0
8,11162,4560.0
8,11164,576.0
8,11168,4080.0
8,11178,1980.0
8,11189,58212.0
8,11235,68400.0
8,11253,50592.0
8,11382,17280.0
8,11420,36630.0
8,11464,4608.0
8,11820,8960.0
8,11955,8640.0
8,11979,1920.0
8,11980,1440.0
8,11996,3600.0
8,12001,61824.0
8,12084,2400.0
8,12118,4080.0
8,12119,840.0
8,12170,1200.0
8,14635,480.0
8,14803,480.0
8,15100,1980.0
8,15209,9792.0
8,15569,5940.0
8,15675,233296.0
8,15984,2131.0
8,16347,60300.0
8,16549,1200.0
8,18581,7380.0
8,19495,900.0
8,19505,38976.0
8,19956,43848.0
8,20863,12400.0
8,21799,2400.0
8,21800,6840.0
8,21813,5760.0
8,22234,17280.0
8,22917,120.0
8,22919,120.0
8,22920,120.0
8,23030,1080.0
8,23159,2400.0
8,23265,24080.0
8,24028,480.0
8,24118,5950.0
8,24213,23040.0
8,24214,85248.0
8,24833,17280.0
8,24834,19680.0
8,24851,3600.0
8,24852,5400.0
8,24877,19000.0
8,24878,19000.0
8,25426,4800.0
8,25480,257.0
8,25481,1062.0
8,25482,187.0
8,25483,230.0
8,25484,198.0
8,25485,197.0
8,25517,36000.0
8,25518,21600.0
8,25721,3000.0
8,26851,2400.0
8,26939,38208.0
8,27207,216.0
8,27209,4128.0
8,27693,3000.0
8,27696,47700.0
8,27723,960.0
8,27771,28672.0
8,28053,9840.0
8,29576,2640.0
8,30186,8000.0
8,30221,8100.0
8,30429,2040.0
8,31263,768.0
8,31298,480.0
8,31323,4320.0
8,31680,4800.0
8,32143,27432.0
8,32181,6480.0
8,32738,900.0
8,33309,600.0
8,33375,2496.0
8,33455,300.0
8,33626,700.0
8,33627,1400.0
8,33861,480.0
8,33863,8712.0
8,33864,6930.0
8,34405,5040.0
8,34431,33120.0
8,34452,7224.0
8,34453,6264.0
8,34701,5590.0
8,35334,15480.0
8,35393,10500.0
8,35394,1800.0
8,35693,14400.0
8,36095,20880.0
8,36303,2400.0
8,36360,1900.0
8,36386,1350.0
8,36394,13680.0
8,36399,3500.0
8,36400,6000.0
8,36401,5328.0
8,36498,11520.0
8,36499,9360.0
8,36503,25620.0
8,36652,4992.0
8,37046,7170.0
8,37047,12540.0
8,37270,19350.0
8,37273,3000.0
8,37285,76560.0
8,37493,74160.0
8,37697,5760.0
8,37838,6120.0
8,38390,480.0
8,38391,480.0
8,38989,15438.0
8,38990,13600.0
8,39739,1440.0
8,39740,1440.0
8,39832,11808.0
8,40052,1800.0
8,40058,1008.0
8,40059,1020.0
8,40060,1020.0
8,40084,792.0
8,40509,3960.0
8,40972,15360.0
8,40974,12672.0
8,41236,1560.0
8,41238,800.0
8,42157,15264.0
8,42741,8550.0
8,42742,8400.0
8,42743,5952.0
8,42744,3100.0
8,43534,2300.0
8,43677,960.0
8,43702,540.0
8,43727,11520.0
8,43730,2880.0
8,43731,5040.0
8,43732,3060.0
8,43734,4230.0
8,43735,2400.0
8,43736,1500.0
8,43737,27840.0
8,43738,9180.0
8,43995,1320.0
8,44047,1620.0
8,44069,4616.0
8,44115,5112.0
8,44116,13200.0
8,44384,450.0
8,44385,450.0
8,44386,450.0
8,44604,446.0
8,44924,500.0
8,44929,936.0
8,44934,2010.0
8,44957,2000.0
8,45047,1080.0
8,45048,960.0
8,45054,780.0
8,45155,800.0
8,45156,500.0
8,45373,720.0
8,45468,3050.0
8,45469,2610.0
8,45536,1728.0
8,45561,1020.0
8,45583,1000.0
8,45584,1000.0
8,45585,1000.0
8,45586,1000.0
8,45661,1152.0
8,45662,1152.0
8,45664,540.0
8,45669,1620.0
8,45672,1056.0
8,45674,1000.0
8,45677,420.0
8,45695,1200.0
8,45696,960.0
8,45756,360.0
8,46154,2520.0
8,46155,1800.0
8,46390,900.0
8,46818,800.0
8,47013,96.0
9,8479,1008.0
9,8489,240.0
9,8490,216.0
9,8533,900.0
9,8537,816.0
9,8560,2100.0
9,8565,5000.0
9,8587,180.0
9,8595,1200.0
9,8597,476.0
9,8603,2700.0
9,8610,400.0
9,8613,1008.0
9,8614,816.0
9,8617,6696.0
9,8619,6636.0
9,8626,2160.0
9,8627,9912.0
9,8629,10620.0
9,8630,2160.0
9,8634,1320.0
9,8637,2884.0
9,8639,7588.0
9,8641,1650.0
9,8642,2409.0
9,8646,1620.0
9,8650,600.0
9,8654,600.0
9,8656,672.0
9,8657,1200.0
9,8660,684.0
9,8661,240.0
9,8662,1116.0
9,8663,720.0
9,8664,1080.0
9,8665,408.0
9,8671,1152.0
9,8680,6020.0
9,8686,264.0
9,8687,540.0
9,8709,450.0
9,8937,150.0
9,8952,640.0
9,8955,840.0
9,9812,840.0
9,12174,900.0
9,14255,600.0
9,14298,236.0
9,14495,324.0
9,14496,1200.0
9,14800,540.0
9,14805,1560.0
9,15098,1440.0
9,15149,480.0
9,15246,560.0
9,15503,2400.0
9,15876,2760.0
9,16344,3360.0
9,16981,720.0
9,18001,640.0
9,18739,280.0
9,19141,3630.0
9,19805,2400.0
9,19806,1236.0
9,20111,210.0
9,20112,3120.0
9,21372,540.0
9,22275,144.0
9,22365,432.0
9,23274,1000.0
9,23275,960.0
9,23724,4140.0
9,24286,288.0
9,25307,144.0
9,25508,480.0
9,25984,1200.0
9,25985,2460.0
9,26411,300.0
9,26873,60.0
9,26932,90.0
9,26933,90.0
9,27384,120.0
9,27551,1620.0
9,27632,864.0
9,27636,570.0
9,28120,300.0
9,29952,704.0
9,30614,240.0
9,30615,240.0
9,30616,240.0
9,30617,320.0
9,30618,320.0
9,30712,120.0
9,31547,240.0
9,31549,2610.0
9,31550,210.0
9,31551,1110.0
9,31553,7840.0
9,31555,3648.0
9,31704,1152.0
9,31705,576.0
9,31747,320.0
9,31829,264.0
9,31831,816.0
9,31836,576.0
9,32151,1104.0
9,32152,288.0
9,32154,864.0
9,32191,120.0
9,32192,1350.0
9,32193,2100.0
9,32230,1020.0
9,32563,120.0
9,32735,960.0
9,32810,150.0
9,32834,600.0
9,32843,400.0
9,32845,378.0
9,32846,300.0
9,32849,80.0
9,32866,360.0
9,32867,1200.0
9,32870,1800.0
9,32871,1080.0
9,32873,720.0
9,32875,900.0
9,32876,2688.0
9,32877,792.0
9,32878,2150.0
9,32879,2100.0
9,32880,900.0
9,32913,1000.0
9,32914,1000.0
9,32917,1000.0
9,32946,3060.0
9,32947,1320.0
9,32948,960.0
9,33077,1050.0
9,33079,300.0
9,33083,240.0
9,33084,240.0
9,33086,240.0
9,33087,120.0
9,33249,2112.0
9,33338,600.0
9,33489,480.0
9,33621,100.0
9,33624,1800.0
9,33625,1800.0
9,33677,1400.0
9,33734,900.0
9,33741,1120.0
9,33763,576.0
9,33764,1060.0
9,33775,1920.0
9,33791,960.0
9,33792,1200.0
9,33899,2280.0
9,33900,360.0
9,33902,600.0
9,33966,540.0
9,33989,8440.0
9,33990,960.0
9,33991,2500.0
9,33992,648.0
9,33993,788.0
9,33994,1500.0
9,33995,7152.0
9,33996,750.0
9,33997,5040.0
9,33998,4800.0
9,34024,900.0
9,34032,1428.0
9,34033,180.0
9,34083,7104.0
9,34106,3240.0
9,34582,360.0
9,34594,2828.0
9,34595,384.0
9,34686,576.0
9,34691,90.0
9,34692,300.0
9,34693,120.0
9,34900,1800.0
9,34949,4500.0
9,35496,900.0
9,35497,2940.0
9,35498,960.0
9,35500,360.0
9,35501,1080.0
9,36112,750.0
9,36162,300.0
9,36202,80.0
9,36618,528.0
9,36761,576.0
9,36762,3144.0
9,36990,500.0
9,36992,500.0
9,37098,1500.0
9,37267,320.0
9,37572,720.0
9,37658,504.0
9,37737,768.0
9,37738,768.0
9,37771,700.0
9,37975,1000.0
9,37986,1200.0
9,38046,368.0
9,38048,300.0
9,38325,270.0
9,38614,450.0
9,39193,112.0
9,39194,960.0
9,39340,112.0
9,39341,1920.0
9,40316,3240.0
9,40317,5280.0
9,40318,3144.0
9,40319,3600.0
9,40378,1080.0
9,40422,690.0
9,40423,540.0
9,40425,128.0
9,40428,256.0
9,40435,1632.0
9,40436,2800.0
9,41034,780.0
9,41035,960.0
9,41036,240.0
9,41037,784.0
9,41038,2520.0
9,41039,2000.0
9,41040,300.0
9,41041,2784.0
9,41042,600.0
9,41043,360.0
9,41044,360.0
9,41773,400.0
9,41774,960.0
9,41775,600.0
9,41779,2230.0
9,41780,810.0
9,41782,560.0
9,41785,1152.0
9,41786,576.0
9,42621,450.0
9,42622,320.0
9,42623,1350.0
9,42624,300.0
9,42625,990.0
9,42650,200.0
9,42651,1500.0
9,42652,840.0
9,42719,192.0
9,42793,288.0
9,42794,240.0
9,42796,1008.0
9,42799,150.0
9,42800,150.0
9,42806,480.0
9,43052,500.0
9,43448,600.0
9,43450,200.0
9,43522,200.0
9,44756,750.0
9,44757,288.0
9,44758,1152.0
9,44759,1250.0
9,44815,750.0
9,44817,336.0
9,44825,1250.0
9,44832,240.0
9,45552,420.0
9,45553,120.0
9,45554,1152.0
9,45746,600.0
9,45747,240.0
9,45748,600.0
9,45749,300.0
9,45855,840.0
9,45856,600.0
9,45869,150.0
9,46995,450.0
9,46997,1200.0
9,46998,1056.0
9,46999,360.0
9,47000,1200.0
9,47014,1080.0
9,47015,1000.0
9,47452,360.0
9,47453,384.0
9,47454,300.0
9,47455,450.0
12,9905,62124.0
12,9907,1680.0
12,9920,23520.0
12,9930,2100.0
12,9959,3600.0
12,9962,9840.0
12,9964,81480.0
12,10022,1560.0
12,10041,62640.0
12,10084,1260.0
12,10140,11880.0
12,10168,3600.0
12,10191,3072.0
12,10202,3600.0
12,10232,3600.0
12,10353,1224.0
12,10392,9804.0
12,10732,19440.0
12,15668,2400.0
12,15984,48.0
12,16183,2560.0
12,16470,27360.0
12,20186,3840.0
12,21977,1440.0
12,22480,68160.0
12,23959,2880.0
12,24067,2304.0
12,25054,108.0
12,25481,24.0
12,25483,12.0
12,25485,12.0
12,26462,19680.0
12,26463,10344.0
12,26982,15120.0
12,26983,10368.0
12,26984,15300.0
12,26988,24000.0
12,26996,792.0
12,26997,2952.0
12,26998,10368.0
12,27005,10200.0
12,27006,9300.0
12,29643,3000.0
12,29644,600.0
12,29645,50904.0
12,29646,1344.0
12,29648,10350.0
12,29650,28590.0
12,29651,28590.0
12,29653,1800.0
12,29654,33048.0
12,29655,600.0
12,29656,4560.0
12,29657,38388.0
12,29663,1800.0
12,29665,576.0
12,29666,1152.0
12,29667,1152.0
12,29672,1624.0
12,29673,15808.0
12,29770,3600.0
12,30161,21696.0
12,31314,400.0
12,31392,900.0
12,31401,1440.0
12,32174,48096.0
12,32177,57480.0
12,32178,59160.0
12,32210,380.0
12,32211,494.0
12,32244,299.0
12,32245,318.0
12,32272,479.0
12,32273,470.0
12,32274,408.0
12,32275,108.0
12,32336,6480.0
12,32344,430.0
12,32345,271.0
12,32346,207.0
12,33199,675.0
12,33200,990.0
12,33400,5120.0
12,33825,1560.0
12,34052,2400.0
12,34388,8088.0
12,34696,1100.0
12,35333,960.0
12,35391,1800.0
12,35392,7200.0
12,36094,14640.0
12,36232,8700.0
12,36381,2240.0
12,36385,2304.0
12,36500,2952.0
12,36501,2952.0
12,36958,1215.0
12,36959,495.0
12,36960,225.0
12,36961,675.0
12,36976,576.0
12,37042,2088.0
12,37043,1200.0
12,37056,4608.0
12,37269,5160.0
12,37317,4350.0
12,37318,2640.0
12,37421,3918.0
12,37564,480.0
12,37829,12984.0
12,37839,24608.0
12,38140,16080.0
12,38141,2400.0
12,38616,360.0
12,38988,6800.0
12,39085,312.0
12,39583,3540.0
12,39737,576.0
12,39738,576.0
12,40078,1728.0
12,40258,10512.0
12,40693,240.0
12,41072,96.0
12,41093,3000.0
12,41106,4008.0
12,41107,2688.0
12,41108,1920.0
12,41141,576.0
12,41227,282.0
12,42003,1980.0
12,42735,6200.0
12,42736,6000.0
12,42737,8352.0
12,42738,3600.0
12,42987,4032.0
12,43454,1200.0
12,43597,240.0
12,43741,2880.0
12,43749,720.0
12,43750,1200.0
12,43751,630.0
12,43752,630.0
12,43753,1530.0
12,43754,1530.0
12,43755,3930.0
12,43756,2700.0
12,44001,1344.0
12,46947,450.0
12,47216,3072.0
12,47217,2280.0
12,47218,360.0
12,47219,3000.0
12,47220,1632.0
12,47221,600.0
12,47458,2850.0
15,14243,168.0
15,14249,1904.0
15,14250,3072.0
15,14254,5040.0
15,14255,5328.0
15,14258,216.0
15,14259,5940.0
15,14260,3000.0
15,14261,4500.0
15,14262,3420.0
15,14263,3720.0
15,14264,1680.0
15,14265,1800.0
15,14267,630.0
15,14317,1080.0
15,14319,1080.0
15,14406,3696.0
15,14407,2880.0
15,14410,6480.0
15,14501,450.0
15,14505,870.0
15,14565,9312.0
15,14567,5520.0
15,14568,5520.0
15,14569,6810.0
15,14575,4752.0
15,14711,12940.0
15,14712,1440.0
15,14791,360.0
15,14800,5720.0
15,15043,210.0
15,15199,9244.0
15,15259,273.0
15,15506,1020.0
15,15597,1020.0
15,15598,5100.0
15,15599,4140.0
15,15604,4104.0
15,15605,4584.0
15,15606,2400.0
15,15607,2424.0
15,15608,4704.0
15,15632,18856.0
15,15633,24300.0
15,15663,840.0
15,15664,3850.0
15,15888,1380.0
15,16004,384.0
15,16006,840.0
15,16436,280.0
15,16698,1410.0
15,16703,384.0
15,16752,3600.0
15,17151,576.0
15,17162,3264.0
15,17213,1560.0
15,17225,240.0
15,17334,540.0
15,17463,3800.0
15,17464,600.0
15,17525,540.0
15,17526,120.0
15,17527,7980.0
15,17697,1232.0
15,17878,1050.0
15,17886,600.0
15,17923,750.0
15,18165,840.0
15,18306,1200.0
15,18471,12100.0
15,18506,1065.0
15,18815,600.0
15,18935,5400.0
15,18936,1440.0
15,19005,4080.0
15,19015,180.0
15,19017,864.0
15,19175,96.0
15,19720,300.0
15,19726,768.0
15,19728,6900.0
15,20031,1152.0
15,20187,1240.0
15,20325,2304.0
15,20327,288.0
15,20427,480.0
15,20565,1120.0
15,20663,1050.0
15,20664,600.0
15,20749,8624.0
15,21139,1350.0
15,21614,3456.0
15,21615,1680.0
15,22277,360.0
15,22278,7200.0
15,22279,5856.0
15,22280,5760.0
15,22364,7200.0
15,22530,1200.0
15,22531,3600.0
15,23367,150.0
15,23371,2600.0
15,23372,17700.0
15,23611,600.0
15,23790,3600.0
15,23791,340.0
15,23795,360.0
15,24099,1100.0
15,24625,3360.0
15,24628,2760.0
15,25093,6300.0
15,25094,7830.0
15,25095,2250.0
15,25096,900.0
15,25097,6960.0
15,25098,4590.0
15,25100,600.0
15,25101,750.0
15,25133,300.0
15,25136,31488.0
15,25141,200.0
15,25142,460.0
15,25147,33740.0
15,25152,384.0
15,25210,240.0
15,25592,2010.0
15,25593,8520.0
15,25596,192.0
15,25687,72.0
15,25968,120.0
15,25970,200.0
15,26186,420.0
15,26187,420.0
15,26188,420.0
15,26465,1070.0
15,26858,5820.0
15,26859,3210.0
15,26861,1288.0
15,27863,1600.0
15,28103,1520.0
15,28165,600.0
15,28350,540.0
15,28352,540.0
15,28353,540.0
15,28454,480.0
15,28455,960.0
15,28456,2040.0
15,28457,960.0
15,28458,536.0
15,28459,4412.0
15,28463,360.0
15,28464,4050.0
15,29207,648.0
15,29566,6720.0
15,29654,1800.0
15,29657,2520.0
15,29911,2399.0
15,29913,1296.0
15,29915,3080.0
15,29916,1540.0
15,29918,1788.0
15,29922,720.0
15,29924,2640.0
15,29927,4464.0
15,29929,1080.0
15,29932,1080.0
15,29934,2580.0
15,29936,816.0
15,30579,2776.0
15,30580,4516.0
15,30581,480.0
15,30629,420.0
15,30634,480.0
15,30636,720.0
15,30637,1440.0
15,30710,810.0
15,30711,720.0
15,30813,432.0
15,30814,2016.0
15,30835,3030.0
15,30855,400.0
15,30857,192.0
15,30858,540.0
15,30887,8076.0
15,30888,11808.0
15,30889,1000.0
15,30891,17920.0
15,30892,980.0
15,30944,1410.0
15,30945,4330.0
15,30992,4080.0
15,31525,150.0
15,31616,19860.0
15,31704,144.0
15,31707,3024.0
15,31834,2496.0
15,32060,480.0
15,32119,18678.0
15,32166,8064.0
15,32167,8400.0
15,32169,8352.0
15,32233,4680.0
15,32494,690.0
15,32495,800.0
15,32496,3200.0
15,32510,1897.0
15,32533,390.0
15,32851,4770.0
15,32861,14144.0
15,32878,1120.0
15,32879,1320.0
15,32920,300.0
15,32923,1750.0
15,32924,3000.0
15,32925,1750.0
15,32928,3750.0
15,32929,1500.0
15,32930,1500.0
15,32931,2250.0
15,32932,3750.0
15,32979,1280.0
15,32980,900.0
15,32981,720.0
15,32997,1050.0
15,33036,600.0
15,33046,1400.0
15,33047,3724.0
15,33063,600.0
15,33064,600.0
15,33102,6760.0
15,33103,6755.0
15,33104,5760.0
15,33766,2700.0
15,34687,720.0
15,34876,1484.0
15,34877,2156.0
15,34878,1120.0
15,34879,600.0
15,34880,450.0
15,34881,450.0
15,34882,4872.0
15,34939,3060.0
15,34940,1800.0
15,34943,700.0
15,35080,360.0
15,35129,630.0
15,35130,3030.0
15,35131,150.0
15,35276,1260.0
15,35277,720.0
15,35763,360.0
15,35799,1200.0
15,35800,800.0
15,35801,2400.0
15,35802,840.0
15,35803,870.0
15,35804,240.0
15,35805,696.0
15,35806,480.0
15,35807,400.0
15,36054,3336.0
15,36115,2750.0
15,36190,840.0
15,36336,240.0
15,36481,150.0
15,36613,552.0
15,37074,675.0
15,37521,1932.0
15,37599,540.0
15,37607,240.0
15,37678,1080.0
15,37680,1856.0
15,37681,480.0
15,37682,1320.0
15,37683,600.0
15,37685,672.0
15,37687,1932.0
15,37688,600.0
15,37689,240.0
15,37695,672.0
15,37731,270.0
15,37732,270.0
15,37746,2800.0
15,37747,1260.0
15,37748,720.0
15,37981,7706.0
15,37982,10228.0
15,37983,13012.0
15,38084,1500.0
15,38085,16206.0
15,38148,1440.0
15,38210,510.0
15,38211,2250.0
15,38230,450.0
15,38231,360.0
15,38232,1056.0
15,38234,240.0
15,38235,420.0
15,38549,768.0
15,38612,1464.0
15,38613,1000.0
15,38615,4250.0
15,38901,1800.0
15,38926,750.0
15,38928,1650.0
15,38931,300.0
15,38932,300.0
15,38933,300.0
15,38936,1560.0
15,38939,500.0
15,39144,240.0
15,39428,3960.0
15,39429,5040.0
15,39529,1000.0
15,39530,420.0
15,39531,1000.0
15,39568,240.0
15,39569,168.0
15,39614,160.0
15,39615,240.0
15,39834,7920.0
15,39835,1800.0
15,39851,4860.0
15,40000,2700.0
15,40229,1920.0
15,40230,1250.0
15,40232,360.0
15,40233,480.0
15,40265,675.0
15,40266,600.0
15,40268,1250.0
15,40355,720.0
15,40796,1500.0
15,40797,1120.0
15,40817,5520.0
15,40818,780.0
15,40880,5220.0
15,41045,5040.0
15,41046,6030.0
15,41047,1980.0
15,41048,3930.0
15,41049,980.0
15,41050,2900.0
15,41051,480.0
15,41053,2940.0
15,41054,3556.0
15,41055,360.0
15,41093,600.0
15,41142,1200.0
15,41143,720.0
15,41300,6060.0
15,41593,8910.0
15,41594,1200.0
15,41595,7780.0
15,41649,360.0
15,41655,96.0
15,41656,1200.0
15,41657,150.0
15,41658,3450.0
15,41783,180.0
15,41790,640.0
15,41791,150.0
15,41903,1800.0
15,41904,750.0
15,41905,2460.0
15,41906,720.0
15,41924,300.0
15,42182,360.0
15,42190,1152.0
15,42330,240.0
15,42332,3304.0
15,42848,144.0
15,42850,2950.0
15,42950,2400.0
15,42959,720.0
15,42960,3250.0
15,43044,60.0
15,43090,360.0
15,43091,960.0
15,43092,1314.0
15,43831,360.0
15,43876,750.0
15,43877,2750.0
15,43880,4000.0
15,43881,1750.0
15,43887,500.0
15,44120,1000.0
15,44578,1344.0
15,44579,6720.0
15,44580,2400.0
15,44584,10776.0
15,44610,3300.0
15,44618,6360.0
15,44900,96.0
15,44901,96.0
15,45140,2160.0
15,45141,4224.0
15,45160,800.0
15,45161,400.0
15,45162,600.0
15,45163,360.0
15,45165,600.0
15,45588,600.0
15,45736,240.0
15,45738,144.0
15,45739,144.0
15,45740,96.0
15,45741,200.0
15,45743,96.0
15,45744,600.0
15,45759,2280.0
15,45771,144.0
15,45772,450.0
15,45773,400.0
15,45774,240.0
15,45811,288.0
15,45847,1800.0
15,45849,180.0
15,45850,180.0
15,45887,240.0
15,45916,480.0
15,45917,480.0
15,46006,840.0
15,46016,288.0
15,46111,2660.0
15,46413,1200.0
15,46416,480.0
15,46417,360.0
15,46419,750.0
15,46420,720.0
15,46421,3600.0
15,46422,900.0
15,46424,480.0
15,46425,450.0
15,46426,1624.0
15,46726,240.0
15,46989,480.0
15,46990,600.0
15,46991,1200.0
15,47024,360.0
15,47025,240.0
15,47026,120.0
15,47222,140.0
15,47223,120.0
15,47224,70.0
15,47273,120.0
15,47450,360.0
15,47493,720.0
16,15935,2040.0
16,15936,8760.0
16,15937,8040.0
16,16206,150.0
16,16238,450.0
16,16634,6000.0
16,16670,6840.0
16,18277,6128.0
16,18278,2170.0
16,18279,8368.0
16,18833,1120.0
16,19709,7800.0
16,19710,7200.0
16,19711,1584.0
16,19714,2100.0
16,21188,25200.0
16,21520,1190.0
16,21807,2880.0
16,22060,900.0
16,23407,3899.0
16,23408,3746.0
16,23438,10944.0
16,23769,4440.0
16,24212,16464.0
16,24650,2400.0
16,24651,1980.0
16,24652,3456.0
16,24653,13320.0
16,24831,3840.0
16,24832,3840.0
16,24849,1200.0
16,24850,600.0
16,24875,1200.0
16,24876,1200.0
16,25427,1600.0
16,25487,1500.0
16,25721,10560.0
16,27233,960.0
16,27442,3440.0
16,27691,11490.0
16,27692,11460.0
16,27775,728.0
16,30185,7200.0
16,30309,2100.0
16,31630,1600.0
16,31938,8670.0
16,31939,1800.0
16,31940,4080.0
16,32144,18048.0
16,32229,2400.0
16,33102,675.0
16,33104,640.0
16,33638,1292.0
16,33639,1580.0
16,34332,2256.0
16,34333,1104.0
16,34421,1944.0
16,34432,10080.0
16,34702,2640.0
16,35331,4560.0
16,35401,1200.0
16,35402,3000.0
16,35607,600.0
16,35905,720.0
16,35906,720.0
16,35907,675.0
16,36093,6720.0
16,36348,980.0
16,36377,2400.0
16,36415,960.0
16,36416,432.0
16,36418,1120.0
16,36491,864.0
16,36492,864.0
16,36507,7640.0
16,36818,960.0
16,37040,2808.0
16,37041,3720.0
16,37277,9180.0
16,37282,14400.0
16,37283,24480.0
16,37419,6552.0
16,37751,1200.0
16,37834,11700.0
16,38996,1728.0
16,38997,6000.0
16,39008,190.0
16,39009,190.0
16,39010,210.0
16,39011,210.0
16,39012,160.0
16,39013,220.0
16,39014,180.0
16,39015,240.0
16,39016,170.0
16,39017,220.0
16,39082,1368.0
16,39086,480.0
16,39281,3432.0
16,39754,2952.0
16,39755,2952.0
16,40254,4320.0
16,40349,1920.0
16,40657,100.0
16,40658,500.0
16,41193,5340.0
16,41194,5400.0
16,41280,840.0
16,41551,3720.0
16,41642,2016.0
16,41772,4200.0
16,42766,5904.0
16,42767,6192.0
16,43611,240.0
16,43709,8640.0
16,43711,2160.0
16,43714,2880.0
16,43717,480.0
16,43719,960.0
16,43721,630.0
16,43723,300.0
16,43725,300.0
16,43726,450.0
16,44014,1000.0
16,44040,2016.0
16,44078,4184.0
16,44978,480.0
16,44981,720.0
16,44983,480.0
16,44984,720.0
16,44990,1540.0
16,44995,600.0
16,44996,540.0
16,44998,600.0
16,44999,600.0
16,45009,720.0
16,45036,980.0
16,45037,1540.0
16,45038,480.0
16,45039,1568.0
16,45040,600.0
16,45042,864.0
16,45043,800.0
16,45044,2304.0
16,45051,600.0
16,45070,600.0
16,45423,300.0
16,46152,810.0
16,46153,600.0
16,47341,10.0
16,47342,10.0
16,47355,10.0
16,47457,2268.0
17,11067,3600.0
17,14423,2400.0
17,14445,648.0
17,14456,26640.0
17,14635,10152.0
17,14721,600.0
17,14722,8400.0
17,14803,10512.0
17,15248,17990.0
17,15249,2310.0
17,15250,560.0
17,15389,7080.0
17,15406,6048.0
17,15491,560.0
17,16549,11232.0
17,17290,640.0
17,17696,600.0
17,18115,1080.0
17,18188,2880.0
17,18189,4224.0
17,18190,576.0
17,18191,15744.0
17,18192,12864.0
17,18884,2880.0
17,19102,3600.0
17,19103,3600.0
17,19426,7650.0
17,20865,3060.0
17,20866,3060.0
17,20869,4700.0
17,21816,2880.0
17,22786,1440.0
17,22790,912.0
17,22794,312.0
17,24028,10320.0
17,24215,4032.0
17,24216,13824.0
17,24558,23400.0
17,24703,1440.0
17,24829,10080.0
17,24830,3840.0
17,24853,2100.0
17,24854,2100.0
17,24872,900.0
17,24873,900.0
17,25428,2560.0
17,27483,10800.0
17,27649,900.0
17,27684,14490.0
17,27685,1350.0
17,27687,14760.0
17,27721,720.0
17,27751,1750.0
17,27752,1120.0
17,27755,5040.0
17,30200,22896.0
17,31311,1200.0
17,31312,600.0
17,31321,4608.0
17,31655,4600.0
17,32096,40.0
17,32097,40.0
17,32098,30.0
17,32100,40.0
17,32101,40.0
17,32897,1530.0
17,33496,8400.0
17,33497,560.0
17,33630,600.0
17,33631,1200.0
17,34318,1440.0
17,34381,600.0
17,34382,600.0
17,34383,480.0
17,34384,600.0
17,34390,2088.0
17,34391,1344.0
17,34431,6432.0
17,34700,2200.0
17,34854,1200.0
17,34855,1200.0
17,34856,864.0
17,34857,16200.0
17,34858,12960.0
17,35053,3510.0
17,35333,4880.0
17,35398,1500.0
17,35399,2400.0
17,35968,3600.0
17,36037,2400.0
17,36097,9600.0
17,36317,2880.0
17,36365,1200.0
17,36369,480.0
17,36372,1800.0
17,36407,624.0
17,36408,1120.0
17,36410,2560.0
17,36494,2304.0
17,36505,12000.0
17,37052,4728.0
17,37053,4708.0
17,37271,8430.0
17,37278,960.0
17,37280,25200.0
17,37281,25200.0
17,37310,4608.0
17,37420,5568.0
17,37503,1872.0
17,37836,14700.0
17,38050,12720.0
17,38987,3000.0
17,38993,5900.0
17,39007,3600.0
17,39083,480.0
17,39743,2160.0
17,40061,1536.0
17,40353,13320.0
17,40354,3600.0
17,41067,10560.0
17,41068,9984.0
17,41069,8448.0
17,41248,1660.0
17,41250,800.0
17,41714,1680.0
17,42729,1800.0
17,42754,2000.0
17,42756,1728.0
17,43034,4500.0
17,43463,4400.0
17,43533,2080.0
17,43683,500.0
17,43684,500.0
17,43685,500.0
17,43686,200.0
17,43707,2640.0
17,43710,240.0
17,43712,960.0
17,43713,450.0
17,43716,630.0
17,43718,1470.0
17,43720,1470.0
17,43722,10080.0
17,43724,2160.0
17,43998,1280.0
17,43999,1280.0
17,44000,800.0
17,44017,6192.0
17,44028,1200.0
17,44072,3380.0
17,44118,5328.0
17,44119,5328.0
17,44126,127.0
17,44128,180.0
17,44129,50.0
17,44257,1152.0
17,44258,768.0
17,44259,1920.0
17,44260,576.0
17,44431,360.0
17,44563,2592.0
17,45402,1620.0
17,45403,1620.0
17,45467,2250.0
17,45537,750.0
17,45538,750.0
17,45539,750.0
17,45817,200.0
17,46150,810.0
17,46151,600.0
17,46233,3600.0
17,46764,1200.0
17,46823,600.0
22,8671,576.0
22,18588,1176.0
22,18589,1176.0
22,18739,1176.0
22,18740,896.0
22,18909,560.0
22,21010,1080.0
22,21158,240.0
22,21410,608.0
22,22275,576.0
22,22707,360.0
22,23288,90.0
22,27915,360.0
22,28626,616.0
22,29680,144.0
22,30148,360.0
22,30680,320.0
22,30681,320.0
22,30682,240.0
22,30683,1296.0
22,30684,216.0
22,30685,400.0
22,31704,576.0
22,32151,288.0
22,32154,288.0
22,32773,600.0
22,32774,560.0
22,32775,480.0
22,32876,384.0
22,32877,288.0
22,33786,240.0
22,33938,600.0
22,33964,2038.0
22,33965,324.0
22,33966,960.0
22,33967,720.0
22,33968,1788.0
22,33969,250.0
22,33970,750.0
22,33971,1538.0
22,33972,360.0
22,33978,538.0
22,33989,750.0
22,33991,750.0
22,33995,250.0
22,33996,250.0
22,34108,300.0
22,34109,300.0
22,34110,300.0
22,34111,240.0
22,34113,750.0
22,35271,700.0
22,36179,344.0
22,36180,400.0
22,36182,900.0
22,36183,500.0
22,36185,300.0
22,36186,540.0
22,36188,600.0
22,36213,80.0
22,36969,750.0
22,36990,750.0
22,36991,120.0
22,36992,250.0
22,37098,750.0
22,37733,672.0
22,37734,672.0
22,38554,588.0
22,38555,588.0
22,38567,300.0
22,38569,300.0
22,38570,1710.0
22,38571,360.0
22,38572,360.0
22,38573,360.0
22,38574,360.0
22,38575,120.0
22,38589,240.0
22,38591,210.0
22,40426,600.0
22,40427,600.0
22,40428,720.0
22,40429,480.0
22,40430,1080.0
22,40431,240.0
22,40432,192.0
22,40437,700.0
22,41056,150.0
22,41057,150.0
22,43431,480.0
22,43432,480.0
22,43433,960.0
22,43569,96.0
22,43570,128.0
22,43571,480.0
22,45438,150.0
22,45439,150.0
22,45441,180.0
22,45442,240.0
22,45443,192.0
22,45444,240.0
22,45445,60.0
22,45446,450.0
22,45650,250.0
43,27089,3276.0
43,27090,3096.0
43,27091,2700.0
43,27092,3348.0
43,27093,144.0
43,27094,2376.0
43,27095,2640.0
43,27096,600.0
43,27097,3960.0
43,27099,1944.0
43,27100,960.0
43,27101,2268.0
43,27102,2760.0
43,27103,4200.0
43,27104,300.0
43,27105,300.0
43,27107,300.0
43,27110,300.0
43,27111,300.0
43,27115,180.0
43,28389,1080.0
43,28436,196.0
43,28437,1624.0
43,28438,450.0
43,28440,480.0
43,28442,1152.0
43,28452,300.0
43,28453,810.0
43,30164,2370.0
43,31699,450.0
43,31700,1440.0
43,32021,576.0
43,32025,720.0
43,32073,2408.0
43,32074,1512.0
43,32490,2156.0
43,34569,192.0
43,34706,2220.0
43,34707,150.0
43,34708,2490.0
43,34709,2640.0
43,34710,960.0
43,35904,2456.0
43,35908,300.0
43,35933,50.0
43,36688,288.0
43,36689,216.0
43,36690,360.0
43,36691,216.0
43,36692,216.0
43,36754,288.0
43,36755,90.0
43,36756,150.0
43,37724,960.0
43,37725,400.0
43,37726,200.0
43,37727,200.0
43,37728,1440.0
43,38877,810.0
43,38878,200.0
43,38879,960.0
43,38881,1512.0
43,39107,1920.0
43,40472,1140.0
43,40473,1632.0
43,41866,864.0
43,41867,384.0
43,41868,240.0
43,44224,240.0
43,44307,1136.0
44,27928,2290.0
44,27929,400.0
44,27931,1140.0
44,27936,240.0
44,27937,2320.0
44,27938,600.0
44,27939,1224.0
44,27941,1260.0
44,27942,300.0
44,27944,2956.0
44,27945,1988.0
44,27946,1708.0
44,27948,300.0
44,27949,1194.0
44,27950,2296.0
44,27951,1500.0
44,27952,1980.0
44,27953,3510.0
44,27954,1344.0
44,27955,300.0
44,27957,510.0
44,27959,1440.0
44,27960,2700.0
44,27961,432.0
44,27964,5040.0
44,27965,4320.0
44,27968,672.0
44,27969,2100.0
44,27972,4520.0
44,27989,660.0
44,27993,1620.0
44,27995,30.0
44,27997,30.0
44,27998,1800.0
44,28000,480.0
44,29727,60.0
44,29854,648.0
44,29856,792.0
44,30915,1020.0
44,31725,1200.0
44,31746,480.0
44,32358,1232.0
44,32361,120.0
44,32362,1860.0
44,32363,768.0
44,32743,336.0
44,33719,1980.0
44,33720,1020.0
44,35539,4440.0
44,35542,150.0
44,35543,690.0
44,35544,570.0
44,36693,990.0
44,36694,120.0
44,36695,60.0
44,36696,120.0
44,36710,240.0
44,37347,1580.0
44,37348,120.0
44,37349,180.0
44,37350,320.0
44,37351,300.0
44,37352,300.0
44,37353,12.0
44,37354,72.0
44,37355,60.0
44,37356,30.0
44,37357,30.0
44,37358,1428.0
44,37359,192.0
44,37360,800.0
44,37361,400.0
44,37362,400.0
44,37363,80.0
44,37496,360.0
44,38365,330.0
44,38366,30.0
44,38367,336.0
44,41097,240.0
44,42188,720.0
44,43037,576.0
44,44894,180.0
44,44902,240.0
44,45210,160.0
44,45845,270.0
44,46405,400.0
44,46406,300.0
44,46540,120.0
44,46630,216.0
66,3915,288.0
66,3950,4416.0
66,3965,4980.0
66,3966,4980.0
66,4218,2100.0
66,4309,5040.0
66,4315,1920.0
66,4458,1728.0
66,4625,2870.0
66,4627,3648.0
66,4629,1488.0
66,7365,1728.0
66,14532,6804.0
66,17553,864.0
66,19322,4800.0
66,19323,4800.0
66,20466,3220.0
66,21805,320.0
66,22080,6048.0
66,22928,1152.0
66,23393,4500.0
66,24208,6000.0
66,24825,3504.0
66,24826,1104.0
66,24845,840.0
66,24869,1000.0
66,24881,1000.0
66,25115,1200.0
66,25424,960.0
66,25447,360.0
66,27210,432.0
66,27212,240.0
66,27707,6900.0
66,27708,6900.0
66,27719,960.0
66,28212,1650.0
66,28270,900.0
66,29710,3660.0
66,30188,2600.0
66,31649,600.0
66,31843,4266.0
66,32262,4200.0
66,32350,3060.0
66,33637,120.0
66,34035,900.0
66,34394,840.0
66,34400,600.0
66,34417,1060.0
66,34433,984.0
66,34509,2880.0
66,34694,550.0
66,35327,1380.0
66,35403,1000.0
66,35404,2300.0
66,36091,1440.0
66,36092,1800.0
66,36344,344.0
66,36356,600.0
66,36419,840.0
66,36421,1260.0
66,36422,1440.0
66,36490,1152.0
66,36508,2000.0
66,36510,2000.0
66,36653,3000.0
66,36654,1920.0
66,36787,3600.0
66,36788,3000.0
66,36791,4400.0
66,36795,11480.0
66,36797,1800.0
66,36798,2112.0
66,36799,5280.0
66,36800,4752.0
66,36802,840.0
66,36810,250.0
66,36811,360.0
66,36824,180.0
66,37025,2808.0
66,37026,2880.0
66,37027,2880.0
66,37035,2760.0
66,37036,2880.0
66,37275,5590.0
66,37369,6900.0
66,37370,6000.0
66,37371,1800.0
66,37414,956.0
66,37577,1860.0
66,37833,3600.0
66,38065,4200.0
66,38067,800.0
66,38069,5080.0
66,38139,960.0
66,38683,7500.0
66,38927,3600.0
66,38930,1000.0
66,38999,1944.0
66,39000,1000.0
66,39542,1200.0
66,39985,3000.0
66,39990,1440.0
66,39992,2448.0
66,40705,6528.0
66,40706,6144.0
66,40822,480.0
66,40823,480.0
66,40824,480.0
66,40825,480.0
66,40826,3000.0
66,41272,240.0
66,41276,400.0
66,41564,2256.0
66,41810,1920.0
66,41811,2400.0
66,41812,1440.0
66,41908,1500.0
66,42143,1152.0
66,42144,2520.0
66,42807,3072.0
66,42808,3600.0
66,42809,1152.0
66,43030,800.0
66,43309,2560.0
66,43310,3200.0
66,43441,800.0
66,43572,500.0
66,43573,1800.0
66,43574,2880.0
66,43960,4320.0
66,43961,450.0
66,43962,2280.0
66,43963,2280.0
66,43964,450.0
66,43965,2160.0
66,43966,240.0
66,43967,240.0
66,44004,120.0
66,44011,500.0
66,44018,3024.0
66,44065,500.0
66,44330,2400.0
66,44897,2700.0
66,44898,2790.0
66,44899,2790.0
66,45280,192.0
66,45281,7560.0
66,45421,1800.0
66,45848,2688.0
66,46146,600.0
66,46147,810.0
66,46966,1984.0
